-21.20000000000003,-0.718700647354126,0.20292718708515167,0.01422665361315012
-21.10000000000003,-0.7144866585731506,0.20218484103679657,0.013538651168346405
-21.00000000000003,-0.7103207111358643,0.20142114162445068,0.01284591294825077
-20.900000000000027,-0.7061961889266968,0.20063500106334686,0.012149417772889137
-20.800000000000026,-0.7021285891532898,0.19983026385307312,0.011447159573435783
-20.700000000000024,-0.698257327079773,0.19895897805690765,0.010717395693063736
-20.600000000000023,-0.695038914680481,0.19788844883441925,0.009889072738587856
-20.50000000000002,-0.6926470994949341,0.19654755294322968,0.008937480859458447
-20.40000000000002,-0.691346287727356,0.19486892223358154,0.007821667939424515
-20.30000000000002,-0.7080957293510437,0.187752366065979,0.003913551103323698
-20.200000000000017,-0.7114461660385132,0.18481329083442688,0.0021036877296864986
-20.100000000000016,-0.7076685428619385,0.18391813337802887,0.0013961802469566464
-20.000000000000014,-0.7043498158454895,0.1828904002904892,0.0006241328082978725
-19.900000000000013,-0.7015602588653564,0.1817135065793991,-0.00022150824952404946
-19.80000000000001,-0.6995448470115662,0.18030917644500732,-0.0011743318755179644
-19.70000000000001,-0.6993025541305542,0.17844653129577637,-0.0023810656275600195
-19.60000000000001,-0.7000306248664856,0.17631998658180237,-0.0037168990820646286
-19.500000000000007,-0.702258825302124,0.17381709814071655,-0.0052589913830161095
-19.400000000000006,-0.7059615850448608,0.1709304302930832,-0.007011180277913809
-19.300000000000004,-0.711320161819458,0.1676844209432602,-0.008976146578788757
-19.200000000000003,-0.7107044458389282,0.16598601639270782,-0.010070404969155788
-19.1,-0.7088795304298401,0.16460858285427094,-0.01098534557968378
-19.0,-0.7081567049026489,0.16295422613620758,-0.012040709145367146
-18.9,-0.7089745402336121,0.16093933582305908,-0.013294464908540249
-18.799999999999997,-0.7113043069839478,0.15856672823429108,-0.014741619117558002
-18.699999999999996,-0.7136650085449219,0.15620124340057373,-0.016184400767087936
-18.599999999999994,-0.7182246446609497,0.15334510803222656,-0.01790332980453968
-18.499999999999993,-0.7216799855232239,0.15078561007976532,-0.019440483301877975
-18.39999999999999,-0.7272527813911438,0.14778946340084076,-0.021222570911049843
-18.29999999999999,-0.7314152717590332,0.1451418399810791,-0.022795846685767174
-18.19999999999999,-0.736693799495697,0.1422700136899948,-0.024505790323019028
-18.099999999999987,-0.7406960129737854,0.13971400260925293,-0.026031585410237312
-17.999999999999986,-0.7473886609077454,0.1366381198167801,-0.02785530872642994
-17.899999999999984,-0.7548718452453613,0.13342022895812988,-0.02974248118698597
-17.799999999999983,-0.7646440267562866,0.12978646159172058,-0.03188498318195343
-17.69999999999998,-0.7733956575393677,0.1264192909002304,-0.03385813161730766
-17.59999999999998,-0.7856950759887695,0.12240499258041382,-0.036217715591192245
-17.49999999999998,-0.7994313836097717,0.11817803233861923,-0.03871525451540947
-17.399999999999977,-0.8141062259674072,0.11386166512966156,-0.041278690099716187
-17.299999999999976,-0.8343957662582397,0.10857865959405899,-0.04445536062121391
-17.199999999999974,-1.2603328227996826,0.03348662704229355,-0.10359940677881241
-17.099999999999973,-1.2689793109893799,0.03143273666501045,-0.1052529439330101
-16.99999999999997,-1.2748193740844727,0.03021197021007538,-0.10527694970369339
-16.89999999999997,-1.2803809642791748,0.029363160952925682,-0.10432230681180954
-16.79999999999997,-1.2846866846084595,0.028697922825813293,-0.10300717502832413
-16.699999999999967,-1.2856618165969849,0.02807970717549324,-0.10207685083150864
-16.599999999999966,-1.2860949039459229,0.027527082711458206,-0.10106545686721802
-16.499999999999964,-1.286240816116333,0.027027977630496025,-0.09995990991592407
-16.399999999999963,-1.2861301898956299,0.0265722144395113,-0.09878361970186234
-16.29999999999996,-1.2873525619506836,0.02604440413415432,-0.09744010865688324
-16.19999999999996,-1.2861448526382446,0.02550046145915985,-0.09651980549097061
-16.09999999999996,-1.2780656814575195,0.024860713630914688,-0.09696763753890991
-15.99999999999996,-1.2695671319961548,0.02427743189036846,-0.0973823219537735
-15.89999999999996,-1.2606698274612427,0.02374206855893135,-0.09777896106243134
-15.79999999999996,-1.2514108419418335,0.023249315097928047,-0.09816333651542664
-15.69999999999996,-1.241853952407837,0.02278910018503666,-0.09854144603013992
-15.59999999999996,-1.232021689414978,0.022357776761054993,-0.09891714155673981
-15.499999999999961,-1.2219204902648926,0.021952975541353226,-0.09929494559764862
-15.399999999999961,-1.2115730047225952,0.02157342992722988,-0.09967449307441711
-15.299999999999962,-1.2009789943695068,0.02122202329337597,-0.10005424171686172
-15.199999999999962,-1.1908669471740723,0.02076268009841442,-0.10047208517789841
-15.099999999999962,-1.1807911396026611,0.020344598218798637,-0.10081353783607483
-14.999999999999963,-1.170959234237671,0.019965166226029396,-0.10104044526815414
-14.899999999999963,-1.1607006788253784,0.019612368196249008,-0.10131058841943741
-14.799999999999963,-1.1501333713531494,0.019279364496469498,-0.10160964727401733
-14.699999999999964,-1.1393028497695923,0.018964214250445366,-0.10193177312612534
-14.599999999999964,-1.128231167793274,0.018665920943021774,-0.10227461904287338
-14.499999999999964,-1.1169383525848389,0.018385158851742744,-0.10263445228338242
-14.399999999999965,-1.105724811553955,0.018065694719552994,-0.10301915556192398
-14.299999999999965,-1.0944510698318481,0.017737729474902153,-0.10342208296060562
-14.199999999999966,-1.0829472541809082,0.017437413334846497,-0.10383418947458267
-14.099999999999966,-1.0712801218032837,0.01715887524187565,-0.10424897819757462
-13.999999999999966,-1.059544324874878,0.01689773239195347,-0.10465233027935028
-13.899999999999967,-1.04792058467865,0.016654234379529953,-0.10500668734312057
-13.799999999999967,-1.0375185012817383,0.016437053680419922,-0.10506796836853027
-13.699999999999967,-1.0267949104309082,0.016188977286219597,-0.10522860288619995
-13.599999999999968,-1.0159261226654053,0.01593654975295067,-0.10542279481887817
-13.499999999999968,-1.0047962665557861,0.0157068632543087,-0.10564298182725906
-13.399999999999968,-0.9934834837913513,0.01549302414059639,-0.10587983578443527
-13.299999999999969,-0.9821000099182129,0.0152918491512537,-0.10611274093389511
-13.199999999999969,-0.9706696271896362,0.015102649107575417,-0.10633762180805206
-13.09999999999997,-0.9605054259300232,0.014927000738680363,-0.10627605020999908
-12.99999999999997,-0.9502789378166199,0.014718061313033104,-0.10626266896724701
-12.89999999999997,-0.9396515488624573,0.014526602812111378,-0.1063123568892479
-12.79999999999997,-0.9288384318351746,0.014349723234772682,-0.10638148337602615
-12.69999999999997,-0.9179229736328125,0.014182653278112411,-0.10645758360624313
-12.599999999999971,-0.9074649810791016,0.01402720995247364,-0.10642288625240326
-12.499999999999972,-0.8973612785339355,0.013881288468837738,-0.10629917681217194
-12.399999999999972,-0.8869422674179077,0.013740436173975468,-0.10623165220022202
-12.299999999999972,-0.8766166567802429,0.013563593849539757,-0.10617978870868683
-12.199999999999973,-0.8660129904747009,0.013407383114099503,-0.10616566985845566
-12.099999999999973,-0.8558834791183472,0.013266990892589092,-0.10603833943605423
-11.999999999999973,-0.8456692695617676,0.01313499454408884,-0.10591573268175125
-11.899999999999974,-0.83530193567276,0.013007115572690964,-0.10581523925065994
-11.799999999999974,-0.8247669339179993,0.012884413823485374,-0.10574047267436981
-11.699999999999974,-0.8142183423042297,0.012768235988914967,-0.10566189140081406
-11.599999999999975,-0.8039678335189819,0.012636524625122547,-0.10553780943155289
-11.499999999999975,-0.7937328815460205,0.012489593587815762,-0.1054215356707573
-11.399999999999975,-0.7833206057548523,0.0123598026111722,-0.10532337427139282
-11.299999999999976,-0.7727859020233154,0.012239954434335232,-0.10523940622806549
-11.199999999999976,-0.7622693181037903,0.012126078829169273,-0.10515285283327103
-11.099999999999977,-0.7517262101173401,0.012017830274999142,-0.10506270080804825
-10.999999999999977,-0.7411290407180786,0.011914924718439579,-0.10497315227985382
-10.899999999999977,-0.7304785847663879,0.011816209182143211,-0.10488667339086533
-10.799999999999978,-0.7197557687759399,0.011722825467586517,-0.10481276363134384
-10.699999999999978,-0.7091735005378723,0.01160086877644062,-0.10473658889532089
-10.599999999999978,-0.6986818909645081,0.011466581374406815,-0.10464785993099213
-10.499999999999979,-0.6880960464477539,0.01135160867124796,-0.10455916076898575
-10.399999999999979,-0.6774365305900574,0.011247369460761547,-0.10447632521390915
-10.29999999999998,-0.6667105555534363,0.011146832257509232,-0.10440856963396072
-10.19999999999998,-0.6560202240943909,0.011054270900785923,-0.10431838780641556
-10.09999999999998,-0.6453443169593811,0.010966796427965164,-0.10421544313430786
-9.99999999999998,-0.634527862071991,0.010878289118409157,-0.10415004193782806
-9.89999999999998,-0.6237459182739258,0.010794304311275482,-0.10406792163848877
-9.799999999999981,-0.6129670143127441,0.010717577300965786,-0.10397542268037796
-9.699999999999982,-0.6021652817726135,0.010612934827804565,-0.10391594469547272
-9.599999999999982,-0.5915189981460571,0.010481699369847775,-0.10384280979633331
-9.499999999999982,-0.5807695388793945,0.010376228019595146,-0.10377160459756851
-9.399999999999983,-0.569848358631134,0.010280270129442215,-0.10373441129922867
-9.299999999999983,-0.5588762760162354,0.010190981440246105,-0.10370199382305145
-9.199999999999983,-0.5479239225387573,0.01010888535529375,-0.10365630686283112
-9.099999999999984,-0.5369516611099243,0.010030354373157024,-0.10361135751008987
-8.999999999999984,-0.5258709192276001,0.009949368424713612,-0.10359298437833786
-8.899999999999984,-0.5148308873176575,0.009873829782009125,-0.1035584956407547
-8.699999999999985,-0.4926470220088959,0.009737110696732998,-0.10350023955106735
-8.599999999999985,-0.4817235469818115,0.009627735242247581,-0.10346227884292603
-8.499999999999986,-0.47087571024894714,0.009516958147287369,-0.1034088134765625
-8.399999999999986,-0.45983004570007324,0.009420681744813919,-0.10339073091745377
-8.299999999999986,-0.44877374172210693,0.009336940012872219,-0.1033654659986496
-8.099999999999987,-0.4265753924846649,0.009189752861857414,-0.1033174991607666
-7.999999999999988,-0.41545358300209045,0.009120579808950424,-0.10329374670982361
-7.899999999999988,-0.40435245633125305,0.009056746028363705,-0.10326136648654938
-7.799999999999988,-0.39313870668411255,0.008990517817437649,-0.10325443744659424
-7.699999999999989,-0.38199037313461304,0.008932661265134811,-0.10322694480419159
-7.599999999999989,-0.3707742989063263,0.008879055269062519,-0.10321202129125595
-7.499999999999989,-0.3597745895385742,0.008770030923187733,-0.10318303108215332
-7.39999999999999,-0.34876736998558044,0.00868420209735632,-0.10314299166202545
-7.29999999999999,-0.3375907838344574,0.008605076931416988,-0.10313627123832703
-7.19999999999999,-0.3264806866645813,0.008539248257875443,-0.10310711711645126
-7.099999999999991,-0.3152809739112854,0.008474902249872684,-0.10309575498104095
-6.999999999999991,-0.30409902334213257,0.008416026830673218,-0.1030765101313591
-6.8999999999999915,-0.2929069697856903,0.008360481821000576,-0.10305743664503098
-6.799999999999992,-0.2816786468029022,0.008306385949254036,-0.1030447706580162
-6.699999999999992,-0.27048537135124207,0.008258496411144733,-0.10302155464887619
-6.5999999999999925,-0.2592114806175232,0.008209973573684692,-0.10301502048969269
-6.499999999999993,-0.2481050044298172,0.008143945597112179,-0.10298211127519608
-6.399999999999993,-0.23692139983177185,0.008068663068115711,-0.10297045111656189
-6.299999999999994,-0.22579799592494965,0.00800938531756401,-0.10294036567211151
-6.199999999999994,-0.2145499885082245,0.007951178587973118,-0.10293591767549515
-6.099999999999994,-0.20338547229766846,0.0079043535515666,-0.10290944576263428
-5.999999999999995,-0.19210615754127502,0.007855924777686596,-0.10290628671646118
-5.899999999999995,-0.18090368807315826,0.007816465571522713,-0.10288338363170624
-5.799999999999995,-0.16960906982421875,0.007774581667035818,-0.10287945717573166
-5.699999999999996,-0.15837788581848145,0.007740648463368416,-0.10285985469818115
-5.599999999999996,-0.1471523642539978,0.007683420088142157,-0.10284911841154099
-5.4999999999999964,-0.13596433401107788,0.007632937747985125,-0.10283027589321136
-5.399999999999997,-0.12472175061702728,0.007587284781038761,-0.10282102227210999
-5.299999999999997,-0.11348039656877518,0.0075478944927453995,-0.10280951112508774
-5.1999999999999975,-0.10222109407186508,0.007512765470892191,-0.10279946774244308
-5.099999999999998,-0.0909266397356987,0.007481684908270836,-0.1027943417429924
-4.999999999999998,-0.07971606403589249,0.007438489235937595,-0.10277854651212692
-4.899999999999999,-0.06844723224639893,0.0073945061303675175,-0.10277597606182098
-4.799999999999999,-0.057226844131946564,0.007361103780567646,-0.1027604341506958
-4.699999999999999,-0.04589546471834183,0.007327920291572809,-0.10276520997285843
-4.6,-0.03470039367675781,0.007291216403245926,-0.1027476042509079
-4.5,-0.02338668890297413,0.007249908987432718,-0.10275516659021378
-4.4,-0.012144532985985279,0.00722104124724865,-0.102744460105896
-4.300000000000001,-0.0008604656904935837,0.007176884450018406,-0.10275037586688995
-4.200000000000001,0.010385152883827686,0.007144759874790907,-0.10274442285299301
-4.100000000000001,0.02166631445288658,0.007105924654752016,-0.10274963825941086
-4.000000000000002,0.0329216904938221,0.00707148015499115,-0.10274902731180191
-3.900000000000002,0.04422605782747269,0.007044332567602396,-0.10275404155254364
-3.800000000000002,0.055498674511909485,0.0070106470957398415,-0.10275821387767792
-3.700000000000002,0.06680122017860413,0.006990129128098488,-0.1027611643075943
-3.600000000000002,0.07810640335083008,0.006960235070437193,-0.10277064144611359
-3.5000000000000018,0.08941144496202469,0.006947478745132685,-0.10277189314365387
-3.4000000000000017,0.10073616355657578,0.006918539293110371,-0.10278518497943878
-3.2000000000000015,0.12337609380483627,0.006885396782308817,-0.10280004888772964
-3.1000000000000014,0.13464757800102234,0.0068708728067576885,-0.10280017554759979
-3.0000000000000013,0.14602160453796387,0.006859974469989538,-0.10281530022621155
-2.9000000000000012,0.15729621052742004,0.006840981543064117,-0.10281901061534882
-2.800000000000001,0.16861695051193237,0.00682991836220026,-0.10282719880342484
-2.700000000000001,0.17994646728038788,0.006819852627813816,-0.10283663868904114
-2.600000000000001,0.1912059336900711,0.0068067931570112705,-0.10283772647380829
-2.500000000000001,0.20255930721759796,0.006797796580940485,-0.10285218060016632
-2.400000000000001,0.21380318701267242,0.006786163430660963,-0.10285163670778275
-2.3000000000000007,0.22512882947921753,0.0067755128256976604,-0.1028643473982811
-2.2000000000000006,0.23639728128910065,0.006762283388525248,-0.1028703823685646
-2.1000000000000005,0.2476666122674942,0.006756049580872059,-0.10287417471408844
-2.0000000000000004,0.2589489221572876,0.006738987751305103,-0.10288622230291367
-1.9000000000000006,0.2701771557331085,0.006733765825629234,-0.10288504511117935
-1.8000000000000005,0.281482458114624,0.006722370162606239,-0.10289942473173141
-1.7000000000000004,0.292728066444397,0.006712756119668484,-0.10290496051311493
-1.6000000000000003,0.30398884415626526,0.006708180997520685,-0.10291091352701187
-1.5000000000000002,0.31527096033096313,0.00670058885589242,-0.10292258113622665
-1.3,0.33776265382766724,0.006677957717329264,-0.10294238477945328
-1.2,0.34895795583724976,0.0066665057092905045,-0.10294697433710098
-1.0999999999999999,0.3602246046066284,0.006649733521044254,-0.10296531021595001
-0.9999999999999999,0.3714427351951599,0.006639262195676565,-0.10297442972660065
-0.8999999999999999,0.38270053267478943,0.006625307258218527,-0.10299192368984222
-0.7,0.4051942229270935,0.006605804432183504,-0.10302194952964783
-0.6,0.4164523780345917,0.00660366378724575,-0.10303529351949692
-0.5,0.4277542233467102,0.006603945977985859,-0.10305365175008774
-0.4,0.4390113055706024,0.006606931798160076,-0.1030651330947876
-0.30000000000000004,0.4503330588340759,0.006608303170651197,-0.10308658331632614
-0.2,0.4615839123725891,0.006619118619710207,-0.1030939370393753
-0.1,0.47293251752853394,0.006620182190090418,-0.1031203493475914
0,0.48415976762771606,0.006628444418311119,-0.10312733054161072
0.1,0.4955083429813385,0.0066299219615757465,-0.10315456986427307
0.2,0.5067805051803589,0.00663927523419261,-0.10316793620586395
0.30000000000000004,0.5180571675300598,0.006641948129981756,-0.10318638384342194
0.4,0.5293478965759277,0.00664183497428894,-0.10320886969566345
0.5,0.5405436158180237,0.006647377274930477,-0.1032164990901947
0.6,0.551857054233551,0.006641675718128681,-0.10324636846780777
0.7,0.5630394220352173,0.0066457148641347885,-0.10325437039136887
0.7999999999999999,0.5742945671081543,0.006636735517531633,-0.10327988862991333
0.8999999999999999,0.5854836702346802,0.006629750598222017,-0.10329638421535492
0.9999999999999999,0.5966507792472839,0.0066188727505505085,-0.10331284999847412
1.0999999999999999,0.6078671813011169,0.006602957379072905,-0.10333885252475739
1.2,0.6189529299736023,0.00659435149282217,-0.10334436595439911
1.3,0.6301685571670532,0.00655351672321558,-0.10338471829891205
1.4000000000000001,0.6411840915679932,0.006488629151135683,-0.10341142117977142
1.5000000000000002,0.6520563364028931,0.006386352237313986,-0.10343402624130249
1.6000000000000003,0.6630163788795471,0.006290209013968706,-0.10345634818077087
1.7000000000000004,0.6739561557769775,0.006234483793377876,-0.10345126688480377
1.8000000000000005,0.6849674582481384,0.006191466934978962,-0.1034463569521904
1.9000000000000006,0.6960292458534241,0.006154539063572884,-0.1034422516822815
2.0000000000000004,0.7069509625434875,0.006123899482190609,-0.1034097746014595
2.1000000000000005,0.7178767323493958,0.006083799991756678,-0.10337196290493011
2.2000000000000006,0.7287291288375854,0.0060408273711800575,-0.10331211239099503
2.3000000000000007,0.7392933964729309,0.005997106898576021,-0.10318691283464432
2.400000000000001,0.7496233582496643,0.005938177928328514,-0.10299103707075119
2.500000000000001,0.7593562006950378,0.005878934636712074,-0.10263779014348984
2.600000000000001,0.7679144144058228,0.005830517504364252,-0.10198158770799637
2.700000000000001,0.7761633396148682,0.005799542646855116,-0.10121387988328934
2.800000000000001,0.7877115607261658,0.0058231777511537075,-0.10123897343873978
2.9000000000000012,0.8031717538833618,0.0058553568087518215,-0.1022006943821907
3.0000000000000013,0.8180920481681824,0.005907250568270683,-0.10307328402996063
3.1000000000000014,0.8290179371833801,0.005953813437372446,-0.10302501171827316
3.2000000000000015,0.8398119807243347,0.006010995712131262,-0.10295523703098297
3.3000000000000016,0.8506553173065186,0.006064883433282375,-0.10289506614208221
3.4000000000000017,0.8614622950553894,0.006121987942606211,-0.10282973200082779
3.5000000000000018,0.8722296357154846,0.006182481534779072,-0.1027587354183197
3.600000000000002,0.8831006288528442,0.006235248409211636,-0.10270630568265915
3.800000000000002,0.9045431017875671,0.006364475004374981,-0.1025538221001625
3.900000000000002,0.9149779081344604,0.006451531313359737,-0.10243112593889236
4.000000000000002,0.9252102375030518,0.006554592866450548,-0.10227581858634949
4.100000000000001,0.9353495240211487,0.006665206514298916,-0.10210629552602768
4.200000000000001,0.9456220865249634,0.006765400525182486,-0.1019602119922638
4.300000000000001,0.9559299349784851,0.006862812675535679,-0.10182100534439087
4.4,0.9662134647369385,0.006962050683796406,-0.10167878121137619
4.5,0.9765353202819824,0.0070580956526100636,-0.10154379159212112
4.6,0.9870094060897827,0.0071417116560041904,-0.10143477469682693
4.699999999999999,0.9974616765975952,0.007226773537695408,-0.10132290422916412
4.799999999999999,1.0078150033950806,0.007319364696741104,-0.10119553655385971
4.899999999999999,1.0180846452713013,0.00741821201518178,-0.10105524212121964
4.999999999999998,1.0282577276229858,0.007524278946220875,-0.10089993476867676
5.099999999999998,1.0383294820785522,0.007637912407517433,-0.10072887688875198
5.1999999999999975,1.0483003854751587,0.007759018801152706,-0.10054217278957367
5.299999999999997,1.058176040649414,0.007887118496000767,-0.10034074634313583
5.399999999999997,1.0679762363433838,0.008020575158298016,-0.10012785345315933
5.4999999999999964,1.0777380466461182,0.00815633311867714,-0.09990948438644409
5.599999999999996,1.0874706506729126,0.008293608203530312,-0.09968715161085129
5.699999999999996,1.0971338748931885,0.008435504510998726,-0.09945426136255264
5.799999999999995,1.1067473888397217,0.008580387569963932,-0.09921400249004364
5.899999999999995,1.116363763809204,0.008723891340196133,-0.09897501021623611
5.999999999999995,1.1259088516235352,0.008871911093592644,-0.09872514754533768
6.099999999999994,1.135318636894226,0.0090293874964118,-0.09845411777496338
6.199999999999994,1.1445093154907227,0.00920289196074009,-0.09814836829900742
6.299999999999994,1.1535550355911255,0.009386340156197548,-0.09781966358423233
6.399999999999993,1.1624677181243896,0.009578508324921131,-0.09747010469436646
6.499999999999993,1.1712788343429565,0.009776818566024303,-0.09710429608821869
6.5999999999999925,1.1802455186843872,0.00996079109609127,-0.09676406532526016
6.699999999999992,1.189271330833435,0.0101380730047822,-0.09643370658159256
6.799999999999992,1.1983975172042847,0.010305415838956833,-0.09612001478672028
6.8999999999999915,1.2076141834259033,0.010463565587997437,-0.09582145512104034
6.999999999999991,1.2168453931808472,0.010618447326123714,-0.09552578628063202
7.099999999999991,1.2260148525238037,0.010775868780910969,-0.09522073715925217
7.19999999999999,1.235285997390747,0.010923144407570362,-0.09493318945169449
7.29999999999999,1.2445296049118042,0.011070293374359608,-0.09464161843061447
7.39999999999999,1.2536183595657349,0.011226736009120941,-0.09432556480169296
7.499999999999989,1.2626045942306519,0.011388307437300682,-0.09399358183145523
7.599999999999989,1.2714877128601074,0.011554869823157787,-0.09364540129899979
7.699999999999989,1.2803773880004883,0.011718123219907284,-0.09329885244369507
7.799999999999988,1.289243459701538,0.011880327016115189,-0.09294858574867249
7.899999999999988,1.298074722290039,0.012042180635035038,-0.09259293973445892
7.999999999999988,1.3067989349365234,0.012208809144794941,-0.09222015738487244
8.099999999999987,1.3156983852386475,0.012359821237623692,-0.09187673777341843
8.199999999999987,1.3245201110839844,0.012513394467532635,-0.09152093529701233
8.299999999999986,1.333221197128296,0.01267225667834282,-0.09114671498537064
8.399999999999986,1.3420783281326294,0.012817096896469593,-0.09079843014478683
8.499999999999986,1.3507959842681885,0.012968374416232109,-0.09042856097221375
8.599999999999985,1.3595622777938843,0.013113180175423622,-0.0900665819644928
8.699999999999985,1.3684651851654053,0.013245473615825176,-0.08972836285829544
8.799999999999985,1.3770619630813599,0.01339516881853342,-0.08934054523706436
8.899999999999984,1.3857707977294922,0.013534090481698513,-0.0889710932970047
8.999999999999984,1.394589900970459,0.013662392273545265,-0.08862115442752838
9.099999999999984,1.4031707048416138,0.013802767731249332,-0.08823303133249283
9.199999999999983,1.4114869832992554,0.01395485457032919,-0.08780048787593842
9.299999999999983,1.4199503660202026,0.01409116480499506,-0.08739013224840164
9.399999999999983,1.4284355640411377,0.014220401644706726,-0.086983323097229
9.499999999999982,1.436670184135437,0.014358424581587315,-0.08653412759304047
9.599999999999982,1.4442813396453857,0.01450286339968443,-0.08596234023571014
9.699999999999982,1.4515475034713745,0.014656509272754192,-0.08532729744911194
9.799999999999981,1.4590370655059814,0.014798523858189583,-0.08473366498947144
9.89999999999998,1.4666842222213745,0.014932755380868912,-0.08417245745658875
9.99999999999998,1.474165916442871,0.01507648266851902,-0.08358950167894363
10.09999999999998,1.4814943075180054,0.015229788608849049,-0.08298823982477188
10.19999999999998,1.4886103868484497,0.015394670888781548,-0.08235865086317062
10.29999999999998,1.49557363986969,0.015569236129522324,-0.08171125501394272
10.399999999999979,1.5027501583099365,0.015733512118458748,-0.08110596239566803
10.499999999999979,1.5101852416992188,0.015884246677160263,-0.08055009692907333
10.599999999999978,1.517441749572754,0.016045063734054565,-0.07997249066829681
10.699999999999978,1.524532675743103,0.016215812414884567,-0.07937627285718918
10.799999999999978,1.5314280986785889,0.016397984698414803,-0.07875682413578033
10.899999999999977,1.5380983352661133,0.016592364758253098,-0.07810942828655243
10.999999999999977,1.54459810256958,0.016798406839370728,-0.07744382321834564
11.099999999999977,1.5516694784164429,0.016973018646240234,-0.0768742486834526
11.199999999999976,1.558674693107605,0.017152342945337296,-0.07630202919244766
11.299999999999976,1.5654678344726562,0.017343657091259956,-0.07570545375347137
11.399999999999975,1.5720758438110352,0.01754716783761978,-0.07509031146764755
11.499999999999975,1.5784568786621094,0.017764920368790627,-0.07445038855075836
11.599999999999975,1.5845682621002197,0.01799815334379673,-0.07377949357032776
11.699999999999974,1.5908252000808716,0.01822582632303238,-0.0731387659907341
11.799999999999974,1.5975269079208374,0.018429290503263474,-0.07257131487131119
11.899999999999974,1.6039994955062866,0.018647700548171997,-0.07198009639978409
11.999999999999973,1.6102012395858765,0.018882155418395996,-0.07135989516973495
12.099999999999973,1.6161506175994873,0.0191337913274765,-0.0707155168056488
12.199999999999973,1.6218104362487793,0.019405875355005264,-0.07004284858703613
12.299999999999972,1.627721905708313,0.01966504193842411,-0.06941385567188263
12.399999999999972,1.6339154243469238,0.019908899441361427,-0.06883155554533005
12.499999999999972,1.6398119926452637,0.02017209865152836,-0.06822115182876587
12.599999999999971,1.6454215049743652,0.02045688033103943,-0.06758591532707214
12.69999999999997,1.6506609916687012,0.020767714828252792,-0.06691707670688629
12.79999999999997,1.656095027923584,0.021069040521979332,-0.06628251820802689
12.89999999999997,1.6616852283477783,0.021362576633691788,-0.06567878276109695
12.99999999999997,1.6669658422470093,0.021679585799574852,-0.06505056470632553
13.09999999999997,1.6718100309371948,0.022028934210538864,-0.06438542157411575
13.199999999999969,1.6766585111618042,0.022382786497473717,-0.06373418867588043
13.299999999999969,1.6817444562911987,0.022724032402038574,-0.06312227994203568
13.399999999999968,1.6864489316940308,0.02309364639222622,-0.06248172000050545
13.499999999999968,1.6907484531402588,0.023496057838201523,-0.061812859028577805
13.599999999999968,1.6951290369033813,0.02389894239604473,-0.061169013381004333
13.699999999999967,1.6995948553085327,0.024302087724208832,-0.060550034046173096
13.799999999999967,1.703629970550537,0.024738240987062454,-0.059902124106884
13.899999999999967,1.7071877717971802,0.025212984532117844,-0.05922400578856468
13.999999999999966,1.7112252712249756,0.025661593303084373,-0.05861053615808487
14.099999999999966,1.7150408029556274,0.02613356150686741,-0.05799495056271553
14.199999999999966,1.7184489965438843,0.026641517877578735,-0.05736105889081955
14.299999999999965,1.7214751243591309,0.027184152975678444,-0.056710805743932724
14.399999999999965,1.7250280380249023,0.027693480253219604,-0.05612543970346451
14.499999999999964,1.7283731698989868,0.02822551131248474,-0.05554245039820671
14.599999999999964,1.7314035892486572,0.028790920972824097,-0.05495399981737137
14.699999999999964,1.7341245412826538,0.029389919713139534,-0.05436277389526367
14.799999999999963,1.7365543842315674,0.030020130798220634,-0.05377056449651718
14.899999999999963,1.7396866083145142,0.030598541721701622,-0.05325056612491608
14.999999999999963,1.7425282001495361,0.031208280473947525,-0.05272853747010231
15.099999999999962,1.7450730800628662,0.03185193985700607,-0.05220743641257286
15.199999999999962,1.747305154800415,0.0325319841504097,-0.05168900266289711
15.299999999999962,1.7492307424545288,0.03324867784976959,-0.05117499455809593
15.399999999999961,1.7508419752120972,0.033999715000391006,-0.05066218972206116
15.499999999999961,1.7533280849456787,0.03468015789985657,-0.05022188648581505
15.59999999999996,1.7555029392242432,0.03539707511663437,-0.04978485405445099
15.69999999999996,1.757398009300232,0.03615225851535797,-0.04935820400714874
15.79999999999996,1.7590440511703491,0.03694365173578262,-0.04894425347447395
15.89999999999996,1.7604271173477173,0.037769149988889694,-0.04854113608598709
15.99999999999996,1.761538028717041,0.03863134607672691,-0.04814845323562622
16.09999999999996,1.7623074054718018,0.03953712061047554,-0.04776474088430405
16.19999999999996,1.7637431621551514,0.04039064422249794,-0.04743428900837898
16.29999999999996,1.7652480602264404,0.04124908149242401,-0.04713044315576553
16.399999999999963,1.766517162322998,0.042142655700445175,-0.046840354800224304
16.499999999999964,1.7675479650497437,0.04307130351662636,-0.04656441882252693
16.599999999999966,1.7683225870132446,0.0440351665019989,-0.04630164057016373
16.699999999999967,1.7688183784484863,0.04503596946597099,-0.04605157673358917
16.79999999999997,1.7690678834915161,0.04607445001602173,-0.04581909254193306
16.89999999999997,1.7690802812576294,0.047151535749435425,-0.04560581222176552
16.99999999999997,1.768813967704773,0.048272714018821716,-0.045411914587020874
17.099999999999973,1.7685034275054932,0.049411591142416,-0.04524178057909012
17.199999999999974,1.7690294981002808,0.05046761408448219,-0.045106932520866394
17.299999999999976,1.7692582607269287,0.05156213417649269,-0.044984541833400726
17.399999999999977,1.7692115306854248,0.052696920931339264,-0.04487907513976097
17.49999999999998,1.768951416015625,0.05386738479137421,-0.044792547821998596
17.59999999999998,1.7684983015060425,0.05507153272628784,-0.04472571983933449
17.69999999999998,1.7678518295288086,0.05630969628691673,-0.044679395854473114
17.799999999999983,1.767007827758789,0.05758228525519371,-0.044654037803411484
17.899999999999984,1.7659143209457397,0.05889241024851799,-0.044647302478551865
17.999999999999986,1.7645416259765625,0.06024220213294029,-0.04465837776660919
18.099999999999987,1.762905478477478,0.061630330979824066,-0.04468952864408493
18.19999999999999,1.761035442352295,0.06306463479995728,-0.044745903462171555
18.29999999999999,1.7589428424835205,0.06453957408666611,-0.04482646286487579
18.39999999999999,1.7567925453186035,0.0660339817404747,-0.044929325580596924
18.499999999999993,1.7556151151657104,0.06741167604923248,-0.045039333403110504
18.599999999999994,1.754111886024475,0.06883388757705688,-0.04516727477312088
18.699999999999996,1.7523611783981323,0.07029546052217484,-0.04531502723693848
18.799999999999997,1.7504562139511108,0.07178560644388199,-0.04548206925392151
18.9,1.7484025955200195,0.07330407202243805,-0.04566938430070877
19.0,1.7461589574813843,0.07485763728618622,-0.04588017612695694
19.1,1.7436944246292114,0.07645173370838165,-0.046117302030324936
19.200000000000003,1.7410770654678345,0.07806957513093948,-0.046371039003133774
19.300000000000004,1.7383005619049072,0.07970999926328659,-0.04664052277803421
19.400000000000006,1.7353670597076416,0.08138003945350647,-0.046933047473430634
19.500000000000007,1.7322064638137817,0.08309504389762878,-0.047256939113140106
19.60000000000001,1.7289320230484009,0.08483699709177017,-0.04760541021823883
19.70000000000001,1.7255526781082153,0.08660230040550232,-0.04797711595892906
19.80000000000001,1.7220008373260498,0.08839710801839828,-0.04837356507778168
19.900000000000013,1.7181583642959595,0.09023734927177429,-0.04879947006702423
20.000000000000014,1.7141590118408203,0.09210921823978424,-0.04925329238176346
20.100000000000016,1.7100856304168701,0.09400281310081482,-0.04973413050174713
20.200000000000017,1.7060245275497437,0.0959089919924736,-0.05024171248078346
20.30000000000002,1.7029155492782593,0.09768771380186081,-0.05073640123009682
20.40000000000002,1.699745774269104,0.09947331994771957,-0.051252786070108414
20.50000000000002,1.6965819597244263,0.10126473009586334,-0.05178501456975937
20.600000000000023,1.6931853294372559,0.1031048595905304,-0.052353765815496445
20.700000000000024,1.6896944046020508,0.10495077073574066,-0.05294790491461754
20.800000000000026,1.6863069534301758,0.10679685324430466,-0.05356229096651077
20.900000000000027,1.6827735900878906,0.10868775099515915,-0.05421939119696617
21.00000000000003,1.6791435480117798,0.11058730632066727,-0.05490832403302193
21.10000000000003,1.6756659746170044,0.11247669905424118,-0.05561412498354912
21.20000000000003,1.6720435619354248,0.11440450698137283,-0.05635885149240494
21.300000000000033,1.6682430505752563,0.11634469777345657,-0.05713509023189545
21.400000000000034,1.664607048034668,0.1182718500494957,-0.05792594328522682
21.500000000000036,1.6608937978744507,0.12023527920246124,-0.05875995755195618
21.600000000000037,1.6570404767990112,0.12221447378396988,-0.05963632091879845
21.70000000000004,1.6533823013305664,0.12417794018983841,-0.06052809953689575
21.80000000000004,1.64962899684906,0.12617865204811096,-0.06146484985947609
21.90000000000004,1.6456966400146484,0.128200963139534,-0.06244918331503868
22.000000000000043,1.641902208328247,0.13020990788936615,-0.06344518810510635
22.100000000000044,1.637954592704773,0.13225768506526947,-0.06448329240083694
22.200000000000045,1.6337541341781616,0.13434076309204102,-0.06557753682136536
22.300000000000047,1.6297118663787842,0.1364160180091858,-0.06669095158576965
22.40000000000005,1.62564218044281,0.13851766288280487,-0.06784524768590927
22.50000000000005,1.6212527751922607,0.14068004488945007,-0.06907232850790024
22.60000000000005,1.6169136762619019,0.14283201098442078,-0.07032696157693863
22.700000000000053,1.6125915050506592,0.14501188695430756,-0.07161802053451538
22.800000000000054,1.607964038848877,0.14724525809288025,-0.07298074662685394
22.900000000000055,1.603427529335022,0.14947609603405,-0.07436274737119675
23.000000000000057,1.6000542640686035,0.1514953225851059,-0.07562718540430069
23.10000000000006,1.5964847803115845,0.15354956686496735,-0.07694325596094131
23.20000000000006,1.5926629304885864,0.15567176043987274,-0.0783262774348259
23.30000000000006,1.5890923738479614,0.1577514410018921,-0.07970517873764038
23.400000000000063,1.585342526435852,0.15986910462379456,-0.0811392217874527
23.500000000000064,1.5813153982162476,0.16206230223178864,-0.08264629542827606
23.600000000000065,1.5775014162063599,0.16421820223331451,-0.0841519758105278
23.700000000000067,1.5735857486724854,0.1663975566625595,-0.08570197224617004
23.800000000000068,1.5692975521087646,0.16867254674434662,-0.08734047412872314
23.90000000000007,1.5651980638504028,0.17091712355613708,-0.08897877484560013
24.00000000000007,1.5610603094100952,0.17316457629203796,-0.09064259380102158
24.100000000000072,1.5563828945159912,0.17553353309631348,-0.09241537004709244
24.200000000000074,1.551741123199463,0.17791102826595306,-0.09421227872371674
24.300000000000075,1.5472602844238281,0.18025927245616913,-0.09601400792598724
24.400000000000077,1.5424457788467407,0.18269065022468567,-0.09790407121181488
24.500000000000078,1.5373516082763672,0.1852077692747116,-0.09987694025039673
24.60000000000008,1.532387137413025,0.18771450221538544,-0.10186232626438141
24.70000000000008,1.5275005102157593,0.1902104616165161,-0.10386680066585541
24.800000000000082,1.5221972465515137,0.19281642138957977,-0.10597848892211914
24.900000000000084,1.516638159751892,0.1955031007528305,-0.10817126929759979
25.000000000000085,1.5111240148544312,0.19820423424243927,-0.11039163917303085
25.100000000000087,1.5057353973388672,0.20088952779769897,-0.11262281984090805
25.200000000000088,1.5002349615097046,0.2036127895116806,-0.11490727216005325
25.30000000000009,1.4942277669906616,0.20647697150707245,-0.11731424182653427
25.40000000000009,1.4881268739700317,0.2093813568353653,-0.11976867914199829
25.500000000000092,1.482138991355896,0.21229593455791473,-0.12223782390356064
25.600000000000094,1.476467490196228,0.21515075862407684,-0.12468192726373672
25.700000000000095,1.4705866575241089,0.21808141469955444,-0.12720640003681183
25.800000000000097,1.4643357992172241,0.2211403101682663,-0.12984693050384521
25.900000000000098,1.4583619832992554,0.22417303919792175,-0.13247321546077728
26.0000000000001,1.4531193971633911,0.22706001996994019,-0.13498564064502716
26.1000000000001,1.447393536567688,0.2301601767539978,-0.13764119148254395
26.200000000000102,1.44170343875885,0.23321670293807983,-0.1403219997882843
26.300000000000104,1.436947226524353,0.2360762357711792,-0.14283429086208344
26.400000000000105,1.4320510625839233,0.23903648555278778,-0.14541171491146088
26.500000000000107,1.4271999597549438,0.24197332561016083,-0.14800843596458435
26.600000000000108,1.423539638519287,0.24464362859725952,-0.15036408603191376
26.70000000000011,1.419392704963684,0.24743272364139557,-0.15285712480545044
26.80000000000011,1.4175716638565063,0.24961377680301666,-0.1548156887292862
26.900000000000112,1.4150716066360474,0.2519776225090027,-0.15694983303546906
27.000000000000114,1.4135938882827759,0.25407150387763977,-0.15885582566261292
27.100000000000115,1.4115351438522339,0.2563275694847107,-0.16091212630271912
27.200000000000117,1.4101861715316772,0.25840988755226135,-0.16280756890773773
27.300000000000118,1.4090384244918823,0.260414719581604,-0.16465863585472107
27.40000000000012,1.407517433166504,0.26255014538764954,-0.16661493480205536
27.50000000000012,1.4068164825439453,0.264447420835495,-0.16837306320667267
27.600000000000122,1.4059334993362427,0.2663910388946533,-0.17018698155879974
27.700000000000124,1.4050219058990479,0.2683650851249695,-0.17201799154281616
27.800000000000125,1.4046958684921265,0.27015620470046997,-0.17370545864105225
27.900000000000126,1.4043546915054321,0.27194321155548096,-0.17540590465068817
28.000000000000128,1.4037657976150513,0.273831844329834,-0.17717863619327545
28.10000000000013,1.403700828552246,0.2755570709705353,-0.17882074415683746
28.20000000000013,1.4038424491882324,0.2772049605846405,-0.18041428923606873
28.300000000000132,1.4039313793182373,0.2788695991039276,-0.18202582001686096
28.400000000000134,1.404021978378296,0.2805382013320923,-0.18364344537258148
28.500000000000135,1.4045249223709106,0.2820581793785095,-0.18515416979789734
28.600000000000136,1.4053367376327515,0.2834793031215668,-0.1865832358598709
28.700000000000138,1.4064733982086182,0.2847681939601898,-0.18792235851287842
28.80000000000014,1.406938076019287,0.28625938296318054,-0.18944481015205383
28.90000000000014,1.4070218801498413,0.28794315457344055,-0.19108319282531738
29.000000000000142,1.407399296760559,0.28954243659973145,-0.19264450669288635
29.100000000000144,1.4080009460449219,0.2910443842411041,-0.19414211809635162
29.200000000000145,1.4086296558380127,0.2925266623497009,-0.1956353336572647
29.300000000000146,1.4089418649673462,0.2941250205039978,-0.19722560048103333
29.400000000000148,1.4094568490982056,0.2956774830818176,-0.19876126945018768
29.50000000000015,1.4102076292037964,0.29712122678756714,-0.200226828455925
29.60000000000015,1.4110212326049805,0.29853543639183044,-0.20167618989944458
29.700000000000152,1.41173255443573,0.2999802827835083,-0.20315887033939362
29.800000000000153,1.4123114347457886,0.30148959159851074,-0.2046850323677063
29.900000000000155,1.4131747484207153,0.3028438985347748,-0.20612458884716034
30.000000000000156,1.414259910583496,0.30417129397392273,-0.2074981927871704
30.100000000000158,1.415477991104126,0.30540722608566284,-0.20883023738861084
30.20000000000016,1.4168181419372559,0.30657970905303955,-0.21012456715106964
30.30000000000016,1.4183050394058228,0.3076813519001007,-0.21137282252311707
30.400000000000162,1.419928789138794,0.30871257185935974,-0.21257738769054413
30.500000000000163,1.4217853546142578,0.3096194863319397,-0.21370725333690643
30.600000000000165,1.4219739437103271,0.311242014169693,-0.21536532044410706
30.700000000000166,1.4222663640975952,0.3129189610481262,-0.21699640154838562
30.800000000000168,1.4226982593536377,0.31450697779655457,-0.21858619153499603
30.90000000000017,1.4228602647781372,0.3161906599998474,-0.22026917338371277
31.00000000000017,1.4231891632080078,0.3178904950618744,-0.22190232574939728
31.100000000000172,1.4237805604934692,0.3194238841533661,-0.22345034778118134
31.200000000000173,1.4244486093521118,0.32082509994506836,-0.22497303783893585
31.300000000000175,1.4248485565185547,0.3225320279598236,-0.22659403085708618
31.400000000000176,1.425567865371704,0.32394057512283325,-0.2281031459569931
31.500000000000178,1.4265121221542358,0.32531431317329407,-0.22953678667545319
31.60000000000018,1.4275707006454468,0.3266085684299469,-0.23092995584011078
31.70000000000018,1.4286729097366333,0.3278672993183136,-0.23230715095996857
31.800000000000182,1.4297304153442383,0.32915210723876953,-0.23369984328746796
31.900000000000183,1.4311330318450928,0.3302249610424042,-0.23496626317501068
32.000000000000185,1.432762861251831,0.33119988441467285,-0.23614847660064697
32.100000000000186,1.434524416923523,0.33204832673072815,-0.23727937042713165
32.20000000000019,1.4364001750946045,0.3328055143356323,-0.23836559057235718
32.30000000000019,1.4383735656738281,0.3334936797618866,-0.23941373825073242
