-3.800000000000002,0.9328434467315674,0.018011659383773804,-0.2500969171524048
-3.700000000000002,0.9310340285301208,0.018532928079366684,-0.247683584690094
-3.600000000000002,0.933942973613739,0.018852252513170242,-0.2461523562669754
-3.5000000000000018,0.9387021660804749,0.019091779366135597,-0.24496924877166748
-3.4000000000000017,0.9449607133865356,0.019270122051239014,-0.24406495690345764
-3.3000000000000016,0.9519033432006836,0.01941898837685585,-0.243285670876503
-3.2000000000000015,0.9594025611877441,0.01954576186835766,-0.24261470139026642
-3.1000000000000014,0.9671745896339417,0.01966140978038311,-0.2419900745153427
-3.0000000000000013,0.9751645922660828,0.019769281148910522,-0.24140717089176178
-2.9000000000000012,0.9835507273674011,0.019864356145262718,-0.24090169370174408
-2.800000000000001,0.9920998811721802,0.019953155890107155,-0.24042361974716187
-2.600000000000001,1.0094873905181885,0.02011803165078163,-0.23952092230319977
-2.500000000000001,1.0184394121170044,0.020191779360175133,-0.23911887407302856
-2.400000000000001,1.0275601148605347,0.020260894671082497,-0.23874802887439728
-2.3000000000000007,1.0366063117980957,0.02033047378063202,-0.23836049437522888
-2.2000000000000006,1.045851469039917,0.020394356921315193,-0.23801159858703613
-2.1000000000000005,1.055213212966919,0.020455453544855118,-0.23768681287765503
-2.0000000000000004,1.0644950866699219,0.02051655761897564,-0.23734518885612488
-1.9000000000000006,1.0740914344787598,0.020572170615196228,-0.23706501722335815
-1.8000000000000005,1.0834903717041016,0.02062899060547352,-0.23674504458904266
-1.7000000000000004,1.0932328701019287,0.020680731162428856,-0.23649300634860992
-1.6000000000000003,1.1027599573135376,0.02073342725634575,-0.23619869351387024
-1.5000000000000002,1.1126049757003784,0.020782100036740303,-0.23596709966659546
-1.3,1.1323246955871582,0.020872756838798523,-0.23551906645298004
-1.2,1.1422619819641113,0.02091439627110958,-0.23531492054462433
-1.0999999999999999,1.1523957252502441,0.02095358818769455,-0.23515069484710693
-0.9999999999999999,1.16242253780365,0.020993882790207863,-0.2349606305360794
-0.8999999999999999,1.172326922416687,0.02103576250374317,-0.2347419112920761
-0.7999999999999999,1.1822967529296875,0.021079501137137413,-0.23453105986118317
-0.7,1.1920324563980103,0.021124914288520813,-0.2342708855867386
-0.6,1.2018895149230957,0.021171415224671364,-0.23403196036815643
-0.5,1.2116307020187378,0.021219318732619286,-0.23376700282096863
-0.4,1.2211980819702148,0.021269667893648148,-0.23346596956253052
-0.30000000000000004,1.2309956550598145,0.02131957933306694,-0.23320971429347992
-0.2,1.240578055381775,0.02137160860002041,-0.2329094558954239
-0.1,1.2501153945922852,0.021425331011414528,-0.23259957134723663
0,1.2597488164901733,0.021479345858097076,-0.2323075234889984
0.1,1.2691556215286255,0.021536121144890785,-0.2319713681936264
0.2,1.2787100076675415,0.02159200608730316,-0.23166385293006897
0.4,1.2974662780761719,0.02170877531170845,-0.23097780346870422
0.5,1.3069523572921753,0.021766353398561478,-0.2306552231311798
0.6,1.3161022663116455,0.021827902644872665,-0.23026727139949799
0.7,1.3254966735839844,0.02188684791326523,-0.22992664575576782
0.7999999999999999,1.3345712423324585,0.02194925583899021,-0.2295239269733429
0.8999999999999999,1.3436511754989624,0.022011807188391685,-0.22912156581878662
0.9999999999999999,1.3527357578277588,0.022073963657021523,-0.22872143983840942
1.0999999999999999,1.3616323471069336,0.022139335051178932,-0.2282838374376297
1.2,1.3704721927642822,0.022205138579010963,-0.22783634066581726
1.3,1.3792856931686401,0.022272218018770218,-0.22738374769687653
1.4000000000000001,1.388134479522705,0.02234036847949028,-0.22693806886672974
1.5000000000000002,1.3969485759735107,0.022408990189433098,-0.22648727893829346
1.6000000000000003,1.4056802988052368,0.022480137646198273,-0.2260202318429947
1.7000000000000004,1.4143409729003906,0.022553076967597008,-0.22553957998752594
1.8000000000000005,1.4229837656021118,0.022626670077443123,-0.22505716979503632
1.9000000000000006,1.4315943717956543,0.022702615708112717,-0.224568709731102
2.0000000000000004,1.440150499343872,0.02278081327676773,-0.22407026588916779
2.1000000000000005,1.448656678199768,0.022860387340188026,-0.22356350719928741
2.2000000000000006,1.457098364830017,0.022941840812563896,-0.22304518520832062
2.3000000000000007,1.4654459953308105,0.023027442395687103,-0.22250965237617493
2.400000000000001,1.4737167358398438,0.02311774156987667,-0.22196081280708313
2.500000000000001,1.4818798303604126,0.023213770240545273,-0.22139449417591095
2.600000000000001,1.4899110794067383,0.023318223655223846,-0.22080515325069427
2.700000000000001,1.4978272914886475,0.023432811722159386,-0.2201971560716629
2.800000000000001,1.5057275295257568,0.023553406819701195,-0.21958930790424347
2.9000000000000012,1.5134997367858887,0.023681513965129852,-0.21896059811115265
3.1000000000000014,1.5286833047866821,0.02396109141409397,-0.21764139831066132
3.2000000000000015,1.5361942052841187,0.02410832792520523,-0.21696984767913818
3.3000000000000016,1.5434942245483398,0.02426772564649582,-0.21626311540603638
3.4000000000000017,1.5508568286895752,0.024428999051451683,-0.2155693769454956
3.5000000000000018,1.5581810474395752,0.024597292765975,-0.21487091481685638
3.600000000000002,1.5653395652770996,0.024778755381703377,-0.21414506435394287
3.700000000000002,1.5725551843643188,0.024960674345493317,-0.2134331911802292
3.800000000000002,1.5797821283340454,0.025144627317786217,-0.21272575855255127
3.900000000000002,1.5869446992874146,0.02533499151468277,-0.2120092809200287
4.000000000000002,1.5940299034118652,0.025530699640512466,-0.2112814337015152
4.100000000000001,1.6011176109313965,0.025727802887558937,-0.2105567306280136
4.200000000000001,1.6082361936569214,0.025925686582922935,-0.2098403126001358
4.300000000000001,1.6153647899627686,0.02612444944679737,-0.20912887156009674
4.4,1.6224921941757202,0.026324380189180374,-0.20841962099075317
4.5,1.629636526107788,0.026524635031819344,-0.20771507918834686
4.6,1.6367300748825073,0.0267289150506258,-0.20700348913669586
4.699999999999999,1.6437596082687378,0.026938043534755707,-0.206282839179039
4.799999999999999,1.650846004486084,0.02714422345161438,-0.20557452738285065
4.899999999999999,1.658071756362915,0.027342448011040688,-0.2048923373222351
4.999999999999998,1.6651164293289185,0.02755161188542843,-0.2041807770729065
5.099999999999998,1.6721227169036865,0.02776210755109787,-0.2034647911787033
5.1999999999999975,1.679280161857605,0.02796241082251072,-0.20277726650238037
5.299999999999997,1.6861419677734375,0.0281806793063879,-0.20204126834869385
5.399999999999997,1.6932917833328247,0.028380971401929855,-0.20135661959648132
5.4999999999999964,1.700133204460144,0.028601093217730522,-0.20062117278575897
5.599999999999996,1.707107663154602,0.028812944889068604,-0.1999111771583557
5.699999999999996,1.7138004302978516,0.02904297411441803,-0.19915565848350525
5.799999999999995,1.7206556797027588,0.029262403026223183,-0.19843065738677979
5.899999999999995,1.7271909713745117,0.02950282022356987,-0.19765403866767883
5.999999999999995,1.73405122756958,0.029722105711698532,-0.19693493843078613
6.099999999999994,1.740520715713501,0.029967065900564194,-0.19615280628204346
6.199999999999994,1.747219204902649,0.03019612841308117,-0.19541172683238983
6.299999999999994,1.7537314891815186,0.030435029417276382,-0.19464248418807983
6.399999999999993,1.7600675821304321,0.03068423829972744,-0.19384537637233734
6.499999999999993,1.7666800022125244,0.03091532737016678,-0.19309665262699127
6.5999999999999925,1.7729856967926025,0.03116673417389393,-0.1922999769449234
6.699999999999992,1.779352068901062,0.03141454979777336,-0.19151553511619568
6.799999999999992,1.785848617553711,0.03165402635931969,-0.1907556653022766
6.8999999999999915,1.792047381401062,0.031913697719573975,-0.18995033204555511
6.999999999999991,1.7982383966445923,0.03217548504471779,-0.1891467422246933
7.099999999999991,1.8045806884765625,0.03242712467908859,-0.18837161362171173
7.19999999999999,1.8105429410934448,0.0327044352889061,-0.18753895163536072
7.29999999999999,1.8161718845367432,0.03300399333238602,-0.18665573000907898
7.39999999999999,1.8222323656082153,0.033272434026002884,-0.18584637343883514
7.499999999999989,1.8280527591705322,0.033557020127773285,-0.18500164151191711
7.599999999999989,1.8336436748504639,0.03385702520608902,-0.18412372469902039
7.699999999999989,1.8391273021697998,0.034163642674684525,-0.1832316815853119
7.799999999999988,1.8450168371200562,0.03444245830178261,-0.18240755796432495
7.899999999999988,1.85068941116333,0.03473607823252678,-0.18155311048030853
7.999999999999988,1.8561257123947144,0.03504667058587074,-0.18066588044166565
8.099999999999987,1.8613475561141968,0.03537331521511078,-0.1797490268945694
8.199999999999987,1.867042899131775,0.03566893935203552,-0.1789109855890274
8.299999999999986,1.8723863363265991,0.03598935157060623,-0.17802366614341736
8.399999999999986,1.8774162530899048,0.03633248060941696,-0.17709331214427948
8.499999999999986,1.882238745689392,0.036691632121801376,-0.17613637447357178
8.599999999999985,1.8870545625686646,0.037053052335977554,-0.17518295347690582
8.699999999999985,1.8923083543777466,0.037381868809461594,-0.17430129647254944
8.799999999999985,1.8974071741104126,0.03772217780351639,-0.17340129613876343
8.899999999999984,1.9023197889328003,0.038076251745224,-0.1724785566329956
8.999999999999984,1.9070194959640503,0.03844548016786575,-0.17152924835681915
9.099999999999984,1.911328911781311,0.038842447102069855,-0.17052802443504333
9.199999999999983,1.9158531427383423,0.039225850254297256,-0.16956491768360138
9.299999999999983,1.9203906059265137,0.03960911184549332,-0.1686103194952011
9.399999999999983,1.9247958660125732,0.040003832429647446,-0.16764308512210846
9.499999999999982,1.9290660619735718,0.040410611778497696,-0.1666630506515503
9.599999999999982,1.9332102537155151,0.040828391909599304,-0.1656719148159027
9.699999999999982,1.9372119903564453,0.041260186582803726,-0.16466756165027618
9.799999999999981,1.9412155151367188,0.04169183596968651,-0.16367042064666748
9.89999999999998,1.9453366994857788,0.0421198308467865,-0.16269908845424652
9.99999999999998,1.9492987394332886,0.042562227696180344,-0.1617138385772705
10.09999999999998,1.9531984329223633,0.043012093752622604,-0.16072818636894226
10.19999999999998,1.9570001363754272,0.043471310287714005,-0.1597375124692917
10.29999999999998,1.9606186151504517,0.04394228756427765,-0.15873005986213684
10.399999999999979,1.963745355606079,0.04445146769285202,-0.15766538679599762
10.499999999999979,1.9664796590805054,0.04499373584985733,-0.15655843913555145
10.599999999999978,1.9700288772583008,0.04547779634594917,-0.15556977689266205
10.699999999999978,1.973610520362854,0.04596222937107086,-0.1545947641134262
10.799999999999978,1.977104663848877,0.046456627547740936,-0.1536182016134262
10.899999999999977,1.9801042079925537,0.046993471682071686,-0.15258930623531342
10.999999999999977,1.9827746152877808,0.047560837119817734,-0.15153107047080994
11.099999999999977,1.985435128211975,0.04813413321971893,-0.1504848152399063
11.199999999999976,1.98812997341156,0.048712246119976044,-0.14945712685585022
11.299999999999976,1.990541934967041,0.049318768084049225,-0.14840835332870483
11.399999999999975,1.9925763607025146,0.04996149241924286,-0.1473284512758255
11.499999999999975,1.9953851699829102,0.05054217949509621,-0.14635363221168518
11.599999999999975,1.9982006549835205,0.0511249341070652,-0.1453927904367447
11.699999999999974,2.000636577606201,0.05174560844898224,-0.14440388977527618
11.799999999999974,2.002894401550293,0.052389584481716156,-0.14341236650943756
11.899999999999974,2.005028009414673,0.05305207148194313,-0.1424255669116974
11.999999999999973,2.006943464279175,0.05374293401837349,-0.14143547415733337
12.099999999999973,2.0086817741394043,0.054461222141981125,-0.1404496729373932
12.199999999999973,2.0101771354675293,0.05520951747894287,-0.13946262001991272
12.299999999999972,2.0114688873291016,0.05598975345492363,-0.1384807974100113
12.399999999999972,2.0125718116760254,0.05679778754711151,-0.1375049203634262
12.499999999999972,2.013559579849243,0.057626888155937195,-0.13654294610023499
12.599999999999971,2.0153467655181885,0.05838683247566223,-0.13567759096622467
12.69999999999997,2.017012357711792,0.05916875600814819,-0.13482365012168884
12.79999999999997,2.018460512161255,0.05998021736741066,-0.133973628282547
12.89999999999997,2.019707679748535,0.06081905961036682,-0.1331297755241394
12.99999999999997,2.0208330154418945,0.061675503849983215,-0.1322975903749466
13.09999999999997,2.0217154026031494,0.06256875395774841,-0.13147366046905518
13.199999999999969,2.0224521160125732,0.06348282098770142,-0.13066206872463226
13.299999999999969,2.02305269241333,0.06442254036664963,-0.12986581027507782
13.399999999999968,2.023402690887451,0.06539848446846008,-0.12908121943473816
13.499999999999968,2.0236434936523438,0.06639634817838669,-0.12831470370292664
13.599999999999968,2.0236642360687256,0.0674268901348114,-0.12756159901618958
13.699999999999967,2.0234222412109375,0.06849875301122665,-0.1268235296010971
13.799999999999967,2.023017406463623,0.06959746778011322,-0.12610319256782532
13.899999999999967,2.0231168270111084,0.07064887881278992,-0.1254383623600006
13.999999999999966,2.0234272480010986,0.0716790109872818,-0.1248108372092247
14.099999999999966,2.023681879043579,0.07272250950336456,-0.12420269846916199
14.199999999999966,2.0236613750457764,0.07380272448062897,-0.12360770255327225
14.299999999999965,2.023489236831665,0.07490690052509308,-0.12303128838539124
14.399999999999965,2.0232231616973877,0.07602512091398239,-0.12247367203235626
14.499999999999964,2.022728681564331,0.07718198001384735,-0.1219383254647255
14.599999999999964,2.0220768451690674,0.0783582255244255,-0.12142035365104675
14.699999999999964,2.0213348865509033,0.07954756170511246,-0.1209230050444603
14.799999999999963,2.020399808883667,0.08076924085617065,-0.12045063078403473
14.899999999999963,2.0193185806274414,0.0820145457983017,-0.1200023889541626
14.999999999999963,2.018181324005127,0.08327057212591171,-0.11957863718271255
15.099999999999962,2.01688289642334,0.08455199748277664,-0.11918041110038757
15.199999999999962,2.0153591632843018,0.08587091416120529,-0.11881112307310104
15.299999999999962,2.013763189315796,0.08720257878303528,-0.11846783757209778
15.399999999999961,2.0120253562927246,0.08855290710926056,-0.11814886331558228
15.499999999999961,2.0100414752960205,0.08994124084711075,-0.11785980314016342
15.59999999999996,2.0078470706939697,0.09136591851711273,-0.1176031157374382
15.69999999999996,2.006035089492798,0.09274594485759735,-0.11737681925296783
15.79999999999996,2.0050082206726074,0.09402696043252945,-0.11717791855335236
15.89999999999996,2.003763437271118,0.09534000605344772,-0.11700993031263351
15.99999999999996,2.002552032470703,0.09665447473526001,-0.11686570197343826
16.09999999999996,2.0013060569763184,0.0979766845703125,-0.11674747616052628
16.19999999999996,1.9998787641525269,0.09933196753263474,-0.11666412651538849
16.29999999999996,1.9984761476516724,0.10068444907665253,-0.11660323292016983
16.399999999999963,1.997032642364502,0.10204941779375076,-0.11656955629587173
16.499999999999964,1.9953573942184448,0.10344023257493973,-0.11656785756349564
16.599999999999966,1.9937444925308228,0.10482596606016159,-0.11658650636672974
16.699999999999967,1.9921191930770874,0.10622097551822662,-0.11663166433572769
16.79999999999997,1.9903093576431274,0.10764418542385101,-0.11671420186758041
16.89999999999997,1.9885859489440918,0.10904742032289505,-0.11681482940912247
16.99999999999997,1.9868769645690918,0.11046739667654037,-0.11694689095020294
17.099999999999973,1.9850109815597534,0.11191172152757645,-0.11711670458316803
17.199999999999974,1.9832310676574707,0.11333223432302475,-0.11730165779590607
17.299999999999976,1.9813519716262817,0.11478807777166367,-0.11752516031265259
17.399999999999977,1.979379653930664,0.11624757200479507,-0.11777903884649277
17.49999999999998,1.9775124788284302,0.11769917607307434,-0.11805187910795212
17.59999999999998,1.9754045009613037,0.11919071525335312,-0.11836978048086166
17.69999999999998,1.9732848405838013,0.12067931890487671,-0.11870669573545456
17.799999999999983,1.971086859703064,0.12217461317777634,-0.11906756460666656
17.899999999999984,1.96859610080719,0.12372170388698578,-0.11948009580373764
17.999999999999986,1.9661592245101929,0.12525814771652222,-0.11990915983915329
18.099999999999987,1.9642455577850342,0.12672314047813416,-0.12033472210168839
18.19999999999999,1.962811827659607,0.12811678647994995,-0.12074863910675049
18.29999999999999,1.9613995552062988,0.1295042634010315,-0.12118125706911087
18.39999999999999,1.9598357677459717,0.13092346489429474,-0.12165340781211853
18.499999999999993,1.958409309387207,0.13231457769870758,-0.12212922424077988
18.599999999999994,1.9567080736160278,0.13375864923000336,-0.12265916913747787
18.699999999999996,1.9552602767944336,0.13515612483024597,-0.12317998707294464
18.799999999999997,1.9534664154052734,0.13661763072013855,-0.12376387417316437
18.9,1.951948881149292,0.13802717626094818,-0.1243325024843216
19.0,1.9500788450241089,0.13950316607952118,-0.12496805936098099
19.1,1.948500156402588,0.14092499017715454,-0.1255853921175003
19.200000000000003,1.9465148448944092,0.1424195021390915,-0.12627390027046204
19.300000000000004,1.9448087215423584,0.1438608020544052,-0.12694106996059418
19.400000000000006,1.9427344799041748,0.1453673094511032,-0.1276758909225464
19.500000000000007,1.9409054517745972,0.1468290239572525,-0.12839573621749878
19.60000000000001,1.9387677907943726,0.14834702014923096,-0.12918008863925934
19.70000000000001,1.9368501901626587,0.1498296856880188,-0.12995639443397522
19.80000000000001,1.9346795082092285,0.15135686099529266,-0.1307903379201889
19.900000000000013,1.932618260383606,0.15286943316459656,-0.131631001830101
20.000000000000014,1.9304109811782837,0.15440776944160461,-0.13251572847366333
20.100000000000016,1.9281706809997559,0.15595781803131104,-0.1334274709224701
20.200000000000017,1.9259089231491089,0.15750771760940552,-0.1343635767698288
20.30000000000002,1.9234728813171387,0.15909941494464874,-0.13535098731517792
20.40000000000002,1.9211552143096924,0.16066302359104156,-0.13633909821510315
20.50000000000002,1.9184467792510986,0.16230875253677368,-0.1374140828847885
20.600000000000023,1.916007161140442,0.16390077769756317,-0.13846586644649506
20.700000000000024,1.9130488634109497,0.16559533774852753,-0.13962648808956146
20.800000000000026,1.9103028774261475,0.16725099086761475,-0.14077293872833252
20.900000000000027,1.9071708917617798,0.16897882521152496,-0.14200802147388458
21.00000000000003,1.9039552211761475,0.17072808742523193,-0.14327913522720337
21.10000000000003,1.9007823467254639,0.17247352004051208,-0.14456556737422943
21.20000000000003,1.8984532356262207,0.17406272888183594,-0.14574328064918518
21.300000000000033,1.8964130878448486,0.17559482157230377,-0.14688289165496826
21.400000000000034,1.893862009048462,0.1772325485944748,-0.1481344997882843
21.500000000000036,1.891684889793396,0.17879368364810944,-0.14933383464813232
21.600000000000037,1.8889185190200806,0.18047553300857544,-0.1506633311510086
21.70000000000004,1.8865783214569092,0.18207433819770813,-0.1519324630498886
21.80000000000004,1.8836846351623535,0.18378612399101257,-0.15332818031311035
21.90000000000004,1.8811335563659668,0.185434028506279,-0.1546793133020401
22.000000000000043,1.8782308101654053,0.18716254830360413,-0.15612177550792694
22.100000000000044,1.8753873109817505,0.1888672113418579,-0.1575714647769928
22.200000000000045,1.8725330829620361,0.19059215486049652,-0.15904773771762848
22.300000000000047,1.869408130645752,0.19237878918647766,-0.16060075163841248
22.40000000000005,1.866579294204712,0.19408951699733734,-0.16211190819740295
22.50000000000005,1.8631751537322998,0.19593779742717743,-0.16376759111881256
22.60000000000005,1.8602380752563477,0.1976870447397232,-0.16534540057182312
22.700000000000053,1.8567003011703491,0.19956529140472412,-0.16707418859004974
22.800000000000054,1.8534443378448486,0.20139876008033752,-0.16876579821109772
22.900000000000055,1.8499821424484253,0.20326216518878937,-0.17052298784255981
23.000000000000057,1.8462631702423096,0.20520977675914764,-0.17236296832561493
23.10000000000006,1.8429663181304932,0.20704978704452515,-0.17412932217121124
23.20000000000006,1.8389172554016113,0.20906880497932434,-0.17609091103076935
23.30000000000006,1.8352962732315063,0.21100899577140808,-0.17797929048538208
23.400000000000063,1.8313871622085571,0.21299946308135986,-0.17995712161064148
23.500000000000064,1.8272466659545898,0.21507559716701508,-0.18201670050621033
23.600000000000065,1.8235372304916382,0.21703700721263885,-0.18399615585803986
23.700000000000067,1.819035291671753,0.21919552981853485,-0.18619047105312347
23.800000000000068,1.8148717880249023,0.22128050029277802,-0.188324436545372
23.90000000000007,1.8106498718261719,0.22339171171188354,-0.19049599766731262
24.00000000000007,1.8058171272277832,0.22565858066082,-0.192844957113266
24.100000000000072,1.8015501499176025,0.22779378294944763,-0.19507820904254913
24.200000000000074,1.7968149185180664,0.2300572544336319,-0.19745902717113495
24.300000000000075,1.7918084859848022,0.23240306973457336,-0.199941024184227
24.400000000000077,1.787401556968689,0.23462030291557312,-0.20229801535606384
24.500000000000078,1.7822333574295044,0.23702479898929596,-0.2048862874507904
24.60000000000008,1.7770763635635376,0.23946833610534668,-0.20750822126865387
24.70000000000008,1.7725743055343628,0.2417638599872589,-0.20998525619506836
24.800000000000082,1.7671263217926025,0.24431361258029938,-0.2127559334039688
24.900000000000084,1.7618391513824463,0.24683424830436707,-0.21551859378814697
25.000000000000085,1.7572503089904785,0.2492341697216034,-0.21812254190444946
25.100000000000087,1.75166916847229,0.2518973648548126,-0.22104522585868835
25.200000000000088,1.746485948562622,0.2544773519039154,-0.22389166057109833
25.30000000000009,1.741873860359192,0.256941556930542,-0.2266073077917099
25.40000000000009,1.7363691329956055,0.25967201590538025,-0.2296285331249237
25.500000000000092,1.7317012548446655,0.2621968984603882,-0.23243534564971924
25.600000000000094,1.7269257307052612,0.26479658484458923,-0.23531344532966614
25.700000000000095,1.7222431898117065,0.2673627436161041,-0.23819729685783386
25.800000000000097,1.7195847034454346,0.2693697512149811,-0.2404596209526062
25.900000000000098,1.7164021730422974,0.27157118916511536,-0.24291464686393738
26.0000000000001,1.7137792110443115,0.273589164018631,-0.24520599842071533
26.1000000000001,1.7112863063812256,0.2756277918815613,-0.24747784435749054
26.200000000000102,1.708448886871338,0.27772068977355957,-0.24988029897212982
26.300000000000104,1.7065389156341553,0.2795966863632202,-0.2519914507865906
26.400000000000105,1.7037053108215332,0.28179314732551575,-0.254437655210495
26.500000000000107,1.7018502950668335,0.2836286425590515,-0.25656041502952576
26.600000000000108,1.6998374462127686,0.28558364510536194,-0.25875523686408997
26.70000000000011,1.6976500749588013,0.2876169979572296,-0.2610327899456024
26.80000000000011,1.6962898969650269,0.2892945408821106,-0.2630181312561035
26.900000000000112,1.694137454032898,0.29133301973342896,-0.2653159499168396
27.000000000000114,1.6926798820495605,0.29308822751045227,-0.26736581325531006
27.100000000000115,1.6915470361709595,0.2947729229927063,-0.26930850744247437
27.200000000000117,1.6896616220474243,0.29678642749786377,-0.27155324816703796
27.300000000000118,1.6885149478912354,0.2984355688095093,-0.27352175116539
27.40000000000012,1.6875869035720825,0.30006787180900574,-0.27541956305503845
27.50000000000012,1.6860915422439575,0.3019818067550659,-0.27755293250083923
27.600000000000122,1.6851848363876343,0.30364754796028137,-0.2794632315635681
27.700000000000124,1.6845277547836304,0.3051258623600006,-0.28127720952033997
27.800000000000125,1.6835688352584839,0.30684301257133484,-0.2832260727882385
27.900000000000126,1.682802677154541,0.3084794878959656,-0.2851063311100006
28.000000000000128,1.6824395656585693,0.30986082553863525,-0.2868216335773468
28.10000000000013,1.6823598146438599,0.31120508909225464,-0.28842246532440186
28.20000000000013,1.6823588609695435,0.3125092685222626,-0.28999343514442444
28.300000000000132,1.6821554899215698,0.3138858675956726,-0.29165327548980713
28.400000000000134,1.6814543008804321,0.3155166506767273,-0.29353323578834534
28.500000000000135,1.6810696125030518,0.3169918656349182,-0.2952759861946106
28.600000000000136,1.6803762912750244,0.31856483221054077,-0.2971611022949219
28.700000000000138,1.6796271800994873,0.32026171684265137,-0.2990858256816864
28.80000000000014,1.679293155670166,0.3217383623123169,-0.3008235692977905
28.90000000000014,1.6789218187332153,0.3232034742832184,-0.3025874197483063
29.000000000000142,1.678149700164795,0.3250996470451355,-0.3045535087585449
