-20.30000000000002,-0.6998847126960754,0.1900770217180252,0.005126545671373606
-20.200000000000017,-0.6954261064529419,0.18937690556049347,0.0045080604031682014
-20.100000000000016,-0.6911430954933167,0.18862152099609375,0.003865564242005348
-20.000000000000014,-0.6870546936988831,0.18780456483364105,0.0031964757945388556
-19.900000000000013,-0.6832075715065002,0.18690834939479828,0.0024943824391812086
-19.80000000000001,-0.6800749897956848,0.18581248819828033,0.0016882290365174413
-19.70000000000001,-0.6777831315994263,0.18444876372814178,0.0007626423612236977
-19.60000000000001,-0.6776666045188904,0.18248644471168518,-0.00047930327127687633
-19.500000000000007,-0.705079972743988,0.17297446727752686,-0.0057175313122570515
-19.400000000000006,-0.7012350559234619,0.17209702730178833,-0.006375178694725037
-19.300000000000004,-0.6980522871017456,0.17104007303714752,-0.0071257492527365685
-19.200000000000003,-0.6956936717033386,0.16976681351661682,-0.007988260127604008
-19.1,-0.6944833397865295,0.16818886995315552,-0.009004750289022923
-19.0,-0.6958638429641724,0.16598138213157654,-0.010376540943980217
-18.9,-0.698392927646637,0.16347534954547882,-0.011882967315614223
-18.799999999999997,-0.7036019563674927,0.16038547456264496,-0.013734404928982258
-18.699999999999996,-0.7087506055831909,0.15731455385684967,-0.015552506782114506
-18.599999999999994,-0.7156495451927185,0.1538890302181244,-0.01758916676044464
-18.499999999999993,-0.717211127281189,0.15175248682498932,-0.018887227401137352
-18.39999999999999,-0.7179263234138489,0.14984044432640076,-0.02005833014845848
-18.29999999999999,-0.7204736471176147,0.14752817153930664,-0.021444171667099
-18.19999999999999,-0.7235724329948425,0.1451130509376526,-0.022884506732225418
-18.099999999999987,-0.7292492389678955,0.14214660227298737,-0.024639809504151344
-17.999999999999986,-0.7343098521232605,0.13935142755508423,-0.026284977793693542
-17.899999999999984,-0.7419432401657104,0.13606375455856323,-0.028204534202814102
-17.799999999999983,-0.7484620809555054,0.13305117189884186,-0.0299642663449049
-17.69999999999998,-0.7571989893913269,0.12961414456367493,-0.031968291848897934
-17.59999999999998,-0.7648305892944336,0.1264665424823761,-0.03379876911640167
-17.49999999999998,-0.7746012210845947,0.12293299287557602,-0.035851024091243744
-17.399999999999977,-0.7842510342597961,0.11947412043809891,-0.03787614032626152
-17.299999999999976,-0.7955166101455688,0.11575228720903397,-0.04004538431763649
-17.199999999999974,-0.8109598755836487,0.11130821704864502,-0.04268595576286316
-17.099999999999973,-0.8287928700447083,0.1065099686384201,-0.045551661401987076
-16.99999999999997,-1.2300901412963867,0.035347264260053635,-0.10118059068918228
-16.89999999999997,-1.2426875829696655,0.032359275966882706,-0.10431928187608719
-16.79999999999997,-1.25029456615448,0.030886266380548477,-0.10467822104692459
-16.699999999999967,-1.2572633028030396,0.029923222959041595,-0.10376840829849243
-16.599999999999966,-1.263010025024414,0.029188847169280052,-0.1023600697517395
-16.499999999999964,-1.2650998830795288,0.02849402092397213,-0.10138247162103653
-16.399999999999963,-1.2665596008300781,0.027876518666744232,-0.10030676424503326
-16.29999999999996,-1.2675985097885132,0.027319589629769325,-0.09913933277130127
-16.19999999999996,-1.268251895904541,0.026809638366103172,-0.0979115217924118
-16.09999999999996,-1.2684980630874634,0.026335710659623146,-0.09665628522634506
-15.99999999999996,-1.268291711807251,0.025889918208122253,-0.09540249407291412
-15.89999999999996,-1.2600325345993042,0.025334330275654793,-0.09575716406106949
-15.79999999999996,-1.2509924173355103,0.024813212454319,-0.09618149697780609
-15.69999999999996,-1.2416205406188965,0.024334745481610298,-0.0965861901640892
-15.59999999999996,-1.232163667678833,0.02385680377483368,-0.09698950499296188
-15.499999999999961,-1.223161220550537,0.023281384259462357,-0.0974288284778595
-15.399999999999961,-1.2136938571929932,0.022765083238482475,-0.09785515815019608
-15.299999999999962,-1.203844666481018,0.022295547649264336,-0.09827456623315811
-15.199999999999962,-1.1937028169631958,0.02185944840312004,-0.09869122505187988
-15.099999999999962,-1.1832971572875977,0.021449925377964973,-0.09911104291677475
-14.999999999999963,-1.1726609468460083,0.021064644679427147,-0.09953271597623825
-14.899999999999963,-1.1622862815856934,0.020707206800580025,-0.0998498797416687
-14.799999999999963,-1.1520254611968994,0.020374003797769547,-0.10010001808404922
-14.699999999999964,-1.1415494680404663,0.020037606358528137,-0.10039028525352478
-14.599999999999964,-1.1312092542648315,0.019642917439341545,-0.10072144120931625
-14.499999999999964,-1.1204804182052612,0.01928727701306343,-0.10107477009296417
-14.399999999999965,-1.1094733476638794,0.018956735730171204,-0.10144585371017456
-14.299999999999965,-1.09822678565979,0.01864561438560486,-0.10183440148830414
-14.199999999999966,-1.0867736339569092,0.018352320417761803,-0.10223662853240967
-14.099999999999966,-1.0751277208328247,0.018076367676258087,-0.10265112668275833
-13.999999999999966,-1.0633049011230469,0.01781885325908661,-0.10307418555021286
-13.899999999999967,-1.0516623258590698,0.017510050907731056,-0.10351911932229996
-13.799999999999967,-1.039863109588623,0.01722448319196701,-0.10396703332662582
-13.699999999999967,-1.028473973274231,0.016967754811048508,-0.1042901873588562
-13.599999999999968,-1.0176945924758911,0.016733471304178238,-0.10445324331521988
-13.499999999999968,-1.0065333843231201,0.01650959812104702,-0.1046789363026619
-13.399999999999968,-0.9951599836349487,0.016297070309519768,-0.10493077337741852
-13.299999999999969,-0.9837385416030884,0.016081558540463448,-0.10519169270992279
-13.199999999999969,-0.9724151492118835,0.01583951711654663,-0.10546265542507172
-13.09999999999997,-0.9608701467514038,0.015623550862073898,-0.10574916750192642
-12.99999999999997,-0.9492223858833313,0.015422322787344456,-0.10603711754083633
-12.89999999999997,-0.9375587105751038,0.015231817029416561,-0.10631225258111954
-12.79999999999997,-0.9275994300842285,0.015061820857226849,-0.10619919747114182
-12.69999999999997,-0.9168637990951538,0.014895220287144184,-0.10624128580093384
-12.599999999999971,-0.905834436416626,0.014722460880875587,-0.10634887963533401
-12.499999999999972,-0.8948375582695007,0.014526937156915665,-0.1064758226275444
-12.399999999999972,-0.8836907744407654,0.014354316517710686,-0.10660834610462189
-12.299999999999972,-0.8730498552322388,0.01420038752257824,-0.10661228001117706
-12.199999999999973,-0.862873911857605,0.014056728221476078,-0.1065036803483963
-12.099999999999973,-0.8522969484329224,0.01391573529690504,-0.10647105425596237
-11.999999999999973,-0.8415424227714539,0.01377949770539999,-0.10646536946296692
-11.899999999999974,-0.8306580781936646,0.013649072498083115,-0.1064767986536026
-11.799999999999974,-0.820419192314148,0.013487057760357857,-0.10638676583766937
-11.699999999999974,-0.810334324836731,0.013334880582988262,-0.1062554344534874
-11.599999999999975,-0.799962043762207,0.013196098618209362,-0.10616698116064072
-11.499999999999975,-0.7894108295440674,0.013066149316728115,-0.10610331594944
-11.399999999999975,-0.7786879539489746,0.012943167239427567,-0.10606680065393448
-11.299999999999976,-0.7684205174446106,0.012828994542360306,-0.10593150556087494
-11.199999999999976,-0.7579894661903381,0.012716774828732014,-0.10582131892442703
-11.099999999999977,-0.7474365830421448,0.012608200311660767,-0.10572736710309982
-10.999999999999977,-0.7367293834686279,0.012507033534348011,-0.1056552529335022
-10.899999999999977,-0.7264448404312134,0.012349138967692852,-0.10555250197649002
-10.799999999999978,-0.7160944938659668,0.012213283218443394,-0.10544613748788834
-10.699999999999978,-0.7056047916412354,0.012093217112123966,-0.10534932464361191
-10.599999999999978,-0.6950052380561829,0.011981078423559666,-0.10526357591152191
-10.499999999999979,-0.6843314170837402,0.011876964941620827,-0.10518712550401688
-10.399999999999979,-0.6736883521080017,0.01177595742046833,-0.10510646551847458
-10.29999999999998,-0.6630312204360962,0.011677100323140621,-0.10501868277788162
-10.19999999999998,-0.6523602604866028,0.011581840924918652,-0.1049225851893425
-10.09999999999998,-0.641643762588501,0.011491885408759117,-0.104831263422966
-9.99999999999998,-0.6308993697166443,0.011407464742660522,-0.10474490374326706
-9.89999999999998,-0.6206011176109314,0.011246458627283573,-0.10461954772472382
-9.799999999999981,-0.6100975871086121,0.01112146582454443,-0.10450807958841324
-9.699999999999982,-0.5994179844856262,0.011010967195034027,-0.10443226993083954
-9.599999999999982,-0.5887244343757629,0.01091261487454176,-0.10434240847826004
-9.499999999999982,-0.5779789686203003,0.010823102667927742,-0.10425350815057755
-9.399999999999983,-0.5670886635780334,0.010730520822107792,-0.10420630872249603
-9.299999999999983,-0.5562112331390381,0.010641660541296005,-0.10414811968803406
-9.199999999999983,-0.5453177690505981,0.01055778656154871,-0.10408633202314377
-9.099999999999984,-0.5343241691589355,0.01047577429562807,-0.1040477603673935
-8.999999999999984,-0.5232939720153809,0.010399279184639454,-0.10401186347007751
-8.899999999999984,-0.5124682188034058,0.010289759375154972,-0.10395312309265137
-8.799999999999985,-0.5017461180686951,0.010156993754208088,-0.1038912981748581
-8.699999999999985,-0.4908179044723511,0.010046733543276787,-0.10386185348033905
-8.599999999999985,-0.47987478971481323,0.00995248556137085,-0.10382037609815598
-8.399999999999986,-0.4578340947628021,0.009786001406610012,-0.10375303030014038
-8.299999999999986,-0.4467810392379761,0.009707232937216759,-0.1037212535738945
-8.199999999999987,-0.43576496839523315,0.00963323749601841,-0.10367501527070999
-8.099999999999987,-0.4246245324611664,0.009557890705764294,-0.10365880280733109
-7.999999999999988,-0.4135033190250397,0.009489897638559341,-0.10363113135099411
-7.799999999999988,-0.39146170020103455,0.009305075742304325,-0.10356349498033524
-7.699999999999989,-0.38049882650375366,0.009201537817716599,-0.10352597385644913
-7.599999999999989,-0.3694759011268616,0.009116561152040958,-0.10348974168300629
-7.499999999999989,-0.35834193229675293,0.009035835042595863,-0.10347478836774826
-7.39999999999999,-0.3472573757171631,0.008966775611042976,-0.10344023257493973
-7.29999999999999,-0.33609136939048767,0.008898494765162468,-0.10342279821634293
-7.19999999999999,-0.32493335008621216,0.008832682855427265,-0.10340050607919693
-7.099999999999991,-0.31380635499954224,0.008771843276917934,-0.10336755961179733
-6.999999999999991,-0.30258089303970337,0.008709553629159927,-0.1033564954996109
-6.8999999999999915,-0.2914314568042755,0.008657912723720074,-0.10332248359918594
-6.799999999999992,-0.28029489517211914,0.008572501130402088,-0.10330553352832794
-6.699999999999992,-0.2692434787750244,0.008486883714795113,-0.10327131301164627
-6.5999999999999925,-0.25810638070106506,0.008413613773882389,-0.10324937105178833
-6.499999999999993,-0.24694843590259552,0.008348125033080578,-0.10322706401348114
-6.399999999999993,-0.23578304052352905,0.008289466612040997,-0.10320278257131577
-6.299999999999994,-0.22457101941108704,0.008233999833464622,-0.1031867265701294
-6.199999999999994,-0.2133893519639969,0.008185327984392643,-0.10316091030836105
-6.099999999999994,-0.2021401971578598,0.008136195130646229,-0.10314886271953583
-5.999999999999995,-0.19094260036945343,0.008094165474176407,-0.10312242060899734
-5.899999999999995,-0.17973366379737854,0.008033775724470615,-0.10310676693916321
-5.799999999999995,-0.16861601173877716,0.007969968020915985,-0.10307590663433075
-5.699999999999996,-0.15740467607975006,0.007912477478384972,-0.10306230187416077
-5.599999999999996,-0.14622817933559418,0.007864666171371937,-0.10303762555122375
-5.4999999999999964,-0.13499204814434052,0.007818574085831642,-0.10302402079105377
-5.399999999999997,-0.12377319484949112,0.007779332343488932,-0.10300424695014954
-5.299999999999997,-0.11251471936702728,0.007744099013507366,-0.10299038887023926
-5.1999999999999975,-0.10132554173469543,0.007692296057939529,-0.10297098010778427
-5.099999999999998,-0.09013828635215759,0.00764420023187995,-0.10295144468545914
-4.999999999999998,-0.07890107482671738,0.007601288612931967,-0.1029396653175354
-4.899999999999999,-0.06768699735403061,0.007566947489976883,-0.10291929543018341
-4.799999999999999,-0.05641419440507889,0.0075281220488250256,-0.1029122844338417
-4.699999999999999,-0.04526017978787422,0.007484913803637028,-0.10288732498884201
-4.6,-0.0339740514755249,0.0074440171010792255,-0.10288666188716888
-4.5,-0.022791748866438866,0.007410678546875715,-0.10286356508731842
-4.4,-0.011523868888616562,0.007364538032561541,-0.10286486893892288
-4.300000000000001,-0.00032577969250269234,0.007330426946282387,-0.10284801572561264
-4.200000000000001,0.01093363668769598,0.007288641761988401,-0.10284799337387085
-4.100000000000001,0.022142941132187843,0.007252354174852371,-0.10283716022968292
-4.000000000000002,0.03341872617602348,0.0072225043550133705,-0.10283555835485458
-3.900000000000002,0.044648732990026474,0.007186525501310825,-0.10283078998327255
-3.800000000000002,0.055923137813806534,0.00716266268864274,-0.10282757133245468
-3.700000000000002,0.06719119101762772,0.007131729740649462,-0.1028287410736084
-3.600000000000002,0.0784621611237526,0.007115100976079702,-0.10282287746667862
-3.5000000000000018,0.08975403755903244,0.007085319142788649,-0.10282883048057556
-3.4000000000000017,0.10101454704999924,0.007073916494846344,-0.10282062739133835
-3.3000000000000016,0.11233579367399216,0.007045877166092396,-0.10283162444829941
-3.2000000000000015,0.12356922030448914,0.007032524328678846,-0.10282179713249207
-3.1000000000000014,0.1349274069070816,0.007015390321612358,-0.10283458977937698
-3.0000000000000013,0.14616349339485168,0.0069958362728357315,-0.10282964259386063
-2.9000000000000012,0.1574966162443161,0.006982831284403801,-0.1028379499912262
-2.800000000000001,0.1687687188386917,0.006967753637582064,-0.1028376892209053
-2.700000000000001,0.18003980815410614,0.006952410563826561,-0.10283879190683365
-2.600000000000001,0.1913546621799469,0.006943443324416876,-0.10284420102834702
-2.500000000000001,0.20256812870502472,0.006927390117198229,-0.10283809155225754
-2.400000000000001,0.2139008492231369,0.00691568199545145,-0.10284966230392456
-2.3000000000000007,0.22510482370853424,0.006899754051119089,-0.10284414887428284
-2.2000000000000006,0.2364002764225006,0.006888008210808039,-0.10285163670778275
-2.1000000000000005,0.2476343959569931,0.0068719228729605675,-0.10285313427448273
-2.0000000000000004,0.2588612139225006,0.00686037028208375,-0.10285184532403946
-1.9000000000000006,0.27014607191085815,0.0068510002456605434,-0.10285931825637817
-1.8000000000000005,0.28132665157318115,0.006840488873422146,-0.10285264253616333
-1.7000000000000004,0.29260510206222534,0.006828460842370987,-0.10286231338977814
-1.5000000000000002,0.31504854559898376,0.0068135387264192104,-0.10286317020654678
-1.4000000000000001,0.32628247141838074,0.006798795890063047,-0.1028711199760437
-1.3,0.33742672204971313,0.006788207683712244,-0.1028650552034378
-1.2,0.34867793321609497,0.006768492516130209,-0.1028805822134018
-1.0999999999999999,0.3598499596118927,0.006757047027349472,-0.10288120061159134
-0.9999999999999999,0.37106621265411377,0.006741461344063282,-0.10289154201745987
-0.8999999999999999,0.382257878780365,0.006728402338922024,-0.10289810597896576
-0.7999999999999999,0.39346474409103394,0.006721052806824446,-0.10290432721376419
-0.7,0.4047115743160248,0.006717218551784754,-0.10291468352079391
-0.6,0.41593262553215027,0.006720940116792917,-0.10291770100593567
-0.5,0.42721259593963623,0.006724336184561253,-0.10292959958314896
-0.4,0.4384367763996124,0.006729776505380869,-0.1029333770275116
-0.30000000000000004,0.44971829652786255,0.006732513662427664,-0.10294708609580994
-0.2,0.4609560966491699,0.0067408327013254166,-0.10295234620571136
-0.1,0.4722273349761963,0.006745454855263233,-0.10296496748924255
0,0.4834756851196289,0.006748660933226347,-0.10297593474388123
0.1,0.49471378326416016,0.006755079608410597,-0.10298430174589157
0.2,0.5059888362884521,0.006757310591638088,-0.1030006855726242
0.30000000000000004,0.5171690583229065,0.006762817967683077,-0.10300338268280029
0.4,0.5284555554389954,0.006755928508937359,-0.10302798449993134
0.5,0.5396094918251038,0.0067573231644928455,-0.10303099453449249
0.6,0.5508726239204407,0.006749299354851246,-0.10305440425872803
0.7,0.5620462894439697,0.006743228062987328,-0.1030656024813652
0.7999999999999999,0.5732106566429138,0.006732836365699768,-0.103078693151474
0.8999999999999999,0.5843901634216309,0.006715686060488224,-0.10309809446334839
0.9999999999999999,0.5954609513282776,0.0067049795761704445,-0.10309994965791702
1.0999999999999999,0.6066519618034363,0.00667778542265296,-0.10312703251838684
1.2,0.6176517605781555,0.006645141635090113,-0.10313192009925842
1.3,0.6286471486091614,0.006563948001712561,-0.10316044092178345
1.4000000000000001,0.6394599676132202,0.006455719005316496,-0.1031707301735878
1.5000000000000002,0.6502513885498047,0.00636964850127697,-0.10315673053264618
1.6000000000000003,0.6612136363983154,0.006301592104136944,-0.10315069556236267
1.7000000000000004,0.67209792137146,0.00625841598957777,-0.10311777144670486
1.8000000000000005,0.6830242276191711,0.006218273658305407,-0.10308348387479782
1.9000000000000006,0.693915069103241,0.006173605564981699,-0.10303545743227005
2.0000000000000004,0.7045687437057495,0.006130626425147057,-0.1029350608587265
2.1000000000000005,0.7151458859443665,0.006076063960790634,-0.10280264168977737
2.2000000000000006,0.7253273129463196,0.0060112364590168,-0.10256537795066833
2.3000000000000007,0.7346790432929993,0.005947385914623737,-0.10211368650197983
2.400000000000001,0.7431977987289429,0.005888399202376604,-0.10142241418361664
2.700000000000001,0.7801175713539124,0.005912513472139835,-0.10200516879558563
2.9000000000000012,0.806000828742981,0.006005763076245785,-0.10283036530017853
3.1000000000000014,0.8277042508125305,0.00610719621181488,-0.10270585119724274
3.3000000000000016,0.8493679761886597,0.006213770713657141,-0.10257895290851593
3.4000000000000017,0.8600780367851257,0.006276880390942097,-0.10249628126621246
3.5000000000000018,0.8709303736686707,0.006329592317342758,-0.10243905335664749
3.600000000000002,0.8816814422607422,0.006390227936208248,-0.10236546397209167
3.700000000000002,0.892486035823822,0.006447001826018095,-0.10230199992656708
3.800000000000002,0.9032580256462097,0.006506402976810932,-0.1022339016199112
3.900000000000002,0.9138049483299255,0.00658316258341074,-0.10212894529104233
4.000000000000002,0.9242430925369263,0.006668468471616507,-0.10200713574886322
4.100000000000001,0.9345024824142456,0.006767728831619024,-0.10185670107603073
4.200000000000001,0.9447342157363892,0.006869289558380842,-0.10170299559831619
4.300000000000001,0.954988420009613,0.006969180889427662,-0.10155411064624786
4.4,0.9652894735336304,0.007065352983772755,-0.10141399502754211
4.5,0.9755627512931824,0.007163582369685173,-0.10127029567956924
4.6,0.9858644008636475,0.007259391713887453,-0.10113216191530228
4.699999999999999,0.9962862133979797,0.007345379795879126,-0.1010146215558052
4.799999999999999,1.0067272186279297,0.007429507095366716,-0.10090095549821854
4.899999999999999,1.01706063747406,0.007521767634898424,-0.10077043622732162
4.999999999999998,1.0273038148880005,0.007620742544531822,-0.10062594711780548
5.099999999999998,1.0374550819396973,0.007726489566266537,-0.10046730190515518
5.1999999999999975,1.0475051403045654,0.007839721627533436,-0.10029297322034836
5.299999999999997,1.0574536323547363,0.00796040240675211,-0.1001029685139656
5.399999999999997,1.0672996044158936,0.008088549599051476,-0.09989717602729797
5.4999999999999964,1.0770524740219116,0.008223379962146282,-0.09967710822820663
5.599999999999996,1.0867366790771484,0.008362868800759315,-0.09944670647382736
5.699999999999996,1.096380352973938,0.008504719473421574,-0.09921053051948547
5.799999999999995,1.1059460639953613,0.008651809766888618,-0.09896250069141388
5.899999999999995,1.1154507398605347,0.008802682161331177,-0.09870535135269165
5.999999999999995,1.1249630451202393,0.008951758965849876,-0.09845020622015
6.099999999999994,1.1344000101089478,0.009105528704822063,-0.09818363189697266
6.199999999999994,1.1437121629714966,0.009267783723771572,-0.0978977158665657
6.299999999999994,1.1528241634368896,0.009444395080208778,-0.09758032858371735
6.399999999999993,1.1618127822875977,0.009629025124013424,-0.0972437784075737
6.499999999999993,1.1706395149230957,0.009824452921748161,-0.09688194841146469
6.5999999999999925,1.1793136596679688,0.010029829107224941,-0.09649589657783508
6.699999999999992,1.1880435943603516,0.010228576138615608,-0.09611918777227402
6.799999999999992,1.196777582168579,0.010424762032926083,-0.09574329853057861
6.999999999999991,1.2145835161209106,0.010783902369439602,-0.09504680335521698
7.099999999999991,1.2236754894256592,0.010945338755846024,-0.09472979605197906
7.19999999999999,1.232781171798706,0.011103364638984203,-0.09441541135311127
7.29999999999999,1.2418314218521118,0.011263196356594563,-0.09409268200397491
7.39999999999999,1.2507750988006592,0.011428496800363064,-0.09375346451997757
7.499999999999989,1.2596595287322998,0.011595483869314194,-0.0934055894613266
7.599999999999989,1.268637776374817,0.011752751655876637,-0.09307350218296051
7.699999999999989,1.2774913311004639,0.011916428804397583,-0.09272167086601257
7.799999999999988,1.286178708076477,0.012089318595826626,-0.09234350919723511
7.899999999999988,1.2947579622268677,0.012266880832612514,-0.09194829314947128
7.999999999999988,1.3032562732696533,0.012446984648704529,-0.09154021739959717
8.099999999999987,1.3119375705718994,0.0126107819378376,-0.09116209298372269
8.199999999999987,1.3205965757369995,0.012772899121046066,-0.09078039973974228
8.399999999999986,1.3377639055252075,0.013097608461976051,-0.08999493718147278
8.499999999999986,1.3460887670516968,0.013272476382553577,-0.08956103026866913
8.599999999999985,1.3548766374588013,0.013412236236035824,-0.08920349180698395
8.699999999999985,1.3632564544677734,0.013576023280620575,-0.08878020197153091
8.799999999999985,1.3719022274017334,0.013718590140342712,-0.08840013295412064
8.899999999999984,1.3805073499679565,0.013860267587006092,-0.08801478892564774
8.999999999999984,1.3887912034988403,0.01401858776807785,-0.08757723867893219
9.099999999999984,1.3971514701843262,0.014165867120027542,-0.08715005964040756
9.199999999999983,1.405625343322754,0.014299738220870495,-0.08674103766679764
9.299999999999983,1.4137991666793823,0.014446675777435303,-0.08628250658512115
9.399999999999983,1.421442985534668,0.014602954499423504,-0.08572353422641754
9.499999999999982,1.4287829399108887,0.014755330979824066,-0.08509983867406845
9.599999999999982,1.436509370803833,0.014887209050357342,-0.08454565703868866
9.699999999999982,1.4440195560455322,0.015030795708298683,-0.0839596763253212
9.799999999999981,1.4513212442398071,0.015186089091002941,-0.08334476500749588
9.89999999999998,1.458430290222168,0.01535340491682291,-0.08270528167486191
9.99999999999998,1.46535062789917,0.015531652607023716,-0.08204089850187302
10.09999999999998,1.4728643894195557,0.015678904950618744,-0.08148158341646194
10.19999999999998,1.4802892208099365,0.01583215221762657,-0.0809151828289032
10.29999999999998,1.4875106811523438,0.015996595844626427,-0.08032285422086716
10.399999999999979,1.4945404529571533,0.016172105446457863,-0.07970751821994781
10.499999999999979,1.5013600587844849,0.01635991595685482,-0.0790666714310646
10.599999999999978,1.5079864263534546,0.016559850424528122,-0.07840295881032944
10.699999999999978,1.5150249004364014,0.01673656702041626,-0.07781058549880981
10.799999999999978,1.5221914052963257,0.016907833516597748,-0.07724622637033463
10.899999999999977,1.5291507244110107,0.017091114073991776,-0.07665787637233734
10.999999999999977,1.5358983278274536,0.0172867551445961,-0.07604516297578812
11.099999999999977,1.5424377918243408,0.017494795843958855,-0.07540956139564514
11.199999999999976,1.5487303733825684,0.017718415707349777,-0.07474634051322937
11.299999999999976,1.554865837097168,0.01795315556228161,-0.07406868040561676
11.399999999999975,1.5617481470108032,0.018144911155104637,-0.07350820302963257
11.499999999999975,1.5684293508529663,0.018350204452872276,-0.07292713224887848
11.599999999999975,1.5748720169067383,0.018570374697446823,-0.07232119143009186
11.699999999999974,1.5810933113098145,0.018805714324116707,-0.07169400900602341
11.799999999999974,1.5870550870895386,0.019056890159845352,-0.07103997468948364
11.899999999999974,1.5927191972732544,0.019328106194734573,-0.07035555690526962
11.999999999999973,1.5988589525222778,0.019573874771595,-0.06974577903747559
12.099999999999973,1.6051852703094482,0.019810577854514122,-0.06917130947113037
12.199999999999973,1.6112624406814575,0.020063549280166626,-0.06857311725616455
12.299999999999972,1.6170343160629272,0.02033654972910881,-0.06794600933790207
12.399999999999972,1.6225379705429077,0.02063009887933731,-0.06729664653539658
12.499999999999972,1.6277066469192505,0.020948095247149467,-0.06661782413721085
12.599999999999971,1.633564829826355,0.02122524008154869,-0.06603448837995529
12.69999999999997,1.6392931938171387,0.021512169390916824,-0.06544620543718338
12.79999999999997,1.6447583436965942,0.021819395944476128,-0.06483844667673111
12.89999999999997,1.6498693227767944,0.02215312048792839,-0.06420291215181351
12.99999999999997,1.6546045541763306,0.022516818717122078,-0.06353812664747238
13.09999999999997,1.6599172353744507,0.02284429967403412,-0.06295017898082733
13.199999999999969,1.665037989616394,0.023188341408967972,-0.06235358864068985
13.299999999999969,1.6698025465011597,0.02355997823178768,-0.06173252686858177
13.399999999999968,1.6741514205932617,0.023966064676642418,-0.06108351796865463
13.499999999999968,1.6787689924240112,0.02435923181474209,-0.060476772487163544
13.599999999999968,1.6833542585372925,0.0247585978358984,-0.05988147854804993
13.699999999999967,1.6875518560409546,0.025188935920596123,-0.059262022376060486
13.799999999999967,1.691352367401123,0.025653842836618423,-0.05862133949995041
13.899999999999967,1.6953861713409424,0.026108501479029655,-0.05802035331726074
13.999999999999966,1.6993688344955444,0.02657362073659897,-0.057432111352682114
14.099999999999966,1.702937126159668,0.027075883001089096,-0.056824639439582825
14.199999999999966,1.7060233354568481,0.027619386091828346,-0.056192994117736816
14.299999999999965,1.7095504999160767,0.028137534856796265,-0.05561775341629982
14.399999999999965,1.7129151821136475,0.02867431379854679,-0.05504799261689186
14.499999999999964,1.7158925533294678,0.029250923544168472,-0.05446923151612282
14.599999999999964,1.7184640169143677,0.02986888587474823,-0.053880833089351654
14.699999999999964,1.7212337255477905,0.030476532876491547,-0.053325824439525604
14.799999999999963,1.7241787910461426,0.031076740473508835,-0.052803222090005875
14.899999999999963,1.7267569303512573,0.03171611204743385,-0.05227695405483246
14.999999999999963,1.7290117740631104,0.03239268437027931,-0.05175188183784485
15.099999999999962,1.7309437990188599,0.03310725465416908,-0.05122939869761467
15.199999999999962,1.7329449653625488,0.033824749290943146,-0.05073344334959984
15.299999999999962,1.7353850603103638,0.03450896218419075,-0.0502830408513546
15.399999999999961,1.7374626398086548,0.03523380309343338,-0.049833230674266815
15.499999999999961,1.7392631769180298,0.035993944853544235,-0.049391135573387146
15.59999999999996,1.7408026456832886,0.03679131343960762,-0.04896138608455658
15.69999999999996,1.7420463562011719,0.03762800619006157,-0.048543211072683334
15.79999999999996,1.7430003881454468,0.03850524500012398,-0.048137225210666656
15.89999999999996,1.7445933818817139,0.03933018818497658,-0.047782063484191895
15.99999999999996,1.7461681365966797,0.04016769304871559,-0.04744891822338104
16.09999999999996,1.747484564781189,0.04104217141866684,-0.04712852090597153
16.19999999999996,1.7485498189926147,0.04195369780063629,-0.04682276397943497
16.29999999999996,1.749354600906372,0.04290435090661049,-0.046533212065696716
16.399999999999963,1.7498575448989868,0.04389702156186104,-0.046258196234703064
16.499999999999964,1.750041127204895,0.044931378215551376,-0.04599587619304657
16.599999999999966,1.7499420642852783,0.046007584780454636,-0.045750509947538376
16.699999999999967,1.7504668235778809,0.047030456364154816,-0.04554475098848343
16.79999999999997,1.7511740922927856,0.0480450838804245,-0.04536517336964607
16.89999999999997,1.7516191005706787,0.04909927770495415,-0.045202236622571945
16.99999999999997,1.7518130540847778,0.05019238218665123,-0.045057471841573715
17.099999999999973,1.7517189979553223,0.051324862986803055,-0.04492771625518799
17.199999999999974,1.7513706684112549,0.05249457433819771,-0.044814541935920715
17.299999999999976,1.7507914304733276,0.053702279925346375,-0.04472115635871887
17.399999999999977,1.7499898672103882,0.054948341101408005,-0.04464924708008766
17.49999999999998,1.7489523887634277,0.05623449757695198,-0.0445995032787323
17.59999999999998,1.7476675510406494,0.05756327882409096,-0.04457305371761322
17.69999999999998,1.7460602521896362,0.058940351009368896,-0.04456751048564911
17.799999999999983,1.7452480792999268,0.060224566608667374,-0.044578418135643005
17.899999999999984,1.7444573640823364,0.06151847913861275,-0.044608984142541885
17.999999999999986,1.74344801902771,0.06284963339567184,-0.04465944692492485
18.099999999999987,1.7422540187835693,0.0642140582203865,-0.044730186462402344
18.19999999999999,1.7408599853515625,0.06561343371868134,-0.04482194408774376
18.29999999999999,1.7392420768737793,0.06705076992511749,-0.044935837388038635
18.39999999999999,1.7373638153076172,0.06852525472640991,-0.04506777226924896
18.499999999999993,1.735287070274353,0.07003175467252731,-0.045218415558338165
18.599999999999994,1.7330424785614014,0.07157018780708313,-0.045390646904706955
18.699999999999996,1.7306232452392578,0.0731419250369072,-0.045585859566926956
18.799999999999997,1.7279952764511108,0.07475258409976959,-0.045806512236595154
18.9,1.7251249551773071,0.07640722393989563,-0.04605494812130928
19.0,1.7220442295074463,0.0780947357416153,-0.04632354900240898
19.1,1.7187119722366333,0.0798196792602539,-0.04661304131150246
19.200000000000003,1.7151339054107666,0.08158830553293228,-0.04693004488945007
19.300000000000004,1.7122927904129028,0.08327128738164902,-0.047250084578990936
19.400000000000006,1.7097338438034058,0.0849246084690094,-0.047583770006895065
19.500000000000007,1.7070958614349365,0.08659583330154419,-0.047936469316482544
19.60000000000001,1.7043381929397583,0.08828712999820709,-0.04830876737833023
19.70000000000001,1.701283574104309,0.09002372622489929,-0.0487087145447731
19.80000000000001,1.6980799436569214,0.09178948402404785,-0.049133289605379105
19.900000000000013,1.6948521137237549,0.09356614947319031,-0.04957863315939903
20.000000000000014,1.6915308237075806,0.09536583721637726,-0.0500517375767231
20.100000000000016,1.688009262084961,0.09721001237630844,-0.05056316778063774
20.200000000000017,1.6845035552978516,0.09906032681465149,-0.05109594762325287
20.30000000000002,1.6809515953063965,0.10091814398765564,-0.051649309694767
20.40000000000002,1.6771622896194458,0.10281669348478317,-0.05223778635263443
20.50000000000002,1.6733174324035645,0.1047351285815239,-0.05285585671663284
20.600000000000023,1.6695183515548706,0.10665400326251984,-0.05349743366241455
20.700000000000024,1.6656463146209717,0.10859566181898117,-0.05417487770318985
20.800000000000026,1.66159987449646,0.11058115214109421,-0.05489863082766533
20.900000000000027,1.6576169729232788,0.11256484687328339,-0.05564647912979126
21.00000000000003,1.653571367263794,0.11455944180488586,-0.05642308294773102
21.10000000000003,1.649202823638916,0.11661307513713837,-0.0572519488632679
21.20000000000003,1.6447880268096924,0.11868642270565033,-0.05811690539121628
21.300000000000033,1.6403748989105225,0.12076935917139053,-0.05901646986603737
21.400000000000034,1.6364730596542358,0.12278062850236893,-0.05991380289196968
21.500000000000036,1.6331546306610107,0.12471175193786621,-0.06079954653978348
21.600000000000037,1.6299978494644165,0.12661896646022797,-0.06169704347848892
21.70000000000004,1.62667715549469,0.12856259942054749,-0.06264106929302216
21.80000000000004,1.6232056617736816,0.13053731620311737,-0.06362342089414597
21.90000000000004,1.6198583841323853,0.13248834013938904,-0.06461411714553833
22.000000000000043,1.6163221597671509,0.13448217511177063,-0.06565610319375992
22.100000000000044,1.6127357482910156,0.1364983469247818,-0.06673707067966461
22.200000000000045,1.609300136566162,0.1384924054145813,-0.06783194839954376
22.300000000000047,1.6056437492370605,0.14053349196910858,-0.0689854547381401
22.40000000000005,1.601908802986145,0.14260908961296082,-0.07018294185400009
22.50000000000005,1.5983279943466187,0.14465905725955963,-0.07139208912849426
22.60000000000005,1.5945626497268677,0.14675158262252808,-0.07265633344650269
22.700000000000053,1.5906189680099487,0.14888565242290497,-0.07396882027387619
22.800000000000054,1.5867758989334106,0.1509992778301239,-0.0752900242805481
22.900000000000055,1.582829475402832,0.15313731133937836,-0.07665368169546127
23.000000000000057,1.5786288976669312,0.15534183382987976,-0.07808679342269897
23.10000000000006,1.5745598077774048,0.15753109753131866,-0.07953529804944992
23.20000000000006,1.5705034732818604,0.15972498059272766,-0.08101493865251541
23.30000000000006,1.5661182403564453,0.16199876368045807,-0.08257677406072617
23.400000000000063,1.5617012977600098,0.16429227590560913,-0.084177166223526
23.500000000000064,1.5573675632476807,0.16657735407352448,-0.08579755574464798
23.600000000000065,1.5528981685638428,0.16891326010227203,-0.08747270703315735
23.700000000000067,1.5480738878250122,0.17131273448467255,-0.08923247456550598
23.800000000000068,1.5432319641113281,0.17373241484165192,-0.09101928770542145
23.90000000000007,1.5383929014205933,0.17615674436092377,-0.09283210337162018
24.00000000000007,1.5333154201507568,0.17864492535591125,-0.09471562504768372
24.100000000000072,1.527878999710083,0.18122845888137817,-0.09669584035873413
24.200000000000074,1.5224103927612305,0.18383248150348663,-0.09871979802846909
24.300000000000075,1.5169365406036377,0.18645934760570526,-0.10078269243240356
24.400000000000077,1.5113615989685059,0.18912091851234436,-0.10289987921714783
24.500000000000078,1.5055805444717407,0.19186672568321228,-0.10509505867958069
24.60000000000008,1.4995194673538208,0.19473013281822205,-0.10738267749547958
24.70000000000008,1.4937158823013306,0.19751815497875214,-0.10965759307146072
24.800000000000082,1.488968849182129,0.20011483132839203,-0.11177621781826019
24.900000000000084,1.4843864440917969,0.20265460014343262,-0.11389103531837463
25.000000000000085,1.4793200492858887,0.20532429218292236,-0.1161230206489563
25.100000000000087,1.474145531654358,0.2080521434545517,-0.11840127408504486
25.200000000000088,1.4693200588226318,0.21071776747703552,-0.12063997238874435
25.30000000000009,1.4646438360214233,0.21333283185958862,-0.12287683039903641
25.40000000000009,1.4594086408615112,0.21613354980945587,-0.12525980174541473
25.500000000000092,1.4545891284942627,0.21887032687664032,-0.1275946944952011
25.600000000000094,1.4503586292266846,0.22145526111125946,-0.12983892858028412
25.700000000000095,1.4454119205474854,0.22426314651966095,-0.13226443529129028
25.800000000000097,1.4412837028503418,0.22689996659755707,-0.13455019891262054
25.900000000000098,1.4371678829193115,0.2295374572277069,-0.13686005771160126
26.0000000000001,1.4330159425735474,0.2322155237197876,-0.13920560479164124
26.1000000000001,1.4297906160354614,0.23468051850795746,-0.1413734406232834
26.200000000000102,1.4259154796600342,0.2373238056898117,-0.14370878040790558
26.300000000000104,1.4231945276260376,0.239694744348526,-0.1458088606595993
26.400000000000105,1.4197642803192139,0.2422627955675125,-0.14808949828147888
26.500000000000107,1.4174941778182983,0.24454200267791748,-0.15012358129024506
26.600000000000108,1.4144786596298218,0.24703243374824524,-0.15235058963298798
26.70000000000011,1.412573218345642,0.24923920631408691,-0.15433333814144135
26.80000000000011,1.4101115465164185,0.2515990436077118,-0.15646477043628693
26.900000000000112,1.408468246459961,0.2537604868412018,-0.15841630101203918
27.000000000000114,1.4067915678024292,0.2559232711791992,-0.16038648784160614
27.100000000000115,1.4052494764328003,0.25806334614753723,-0.16233442723751068
27.200000000000117,1.4043803215026855,0.26000523567199707,-0.16412489116191864
27.300000000000118,1.4033763408660889,0.2619777023792267,-0.1659569889307022
27.40000000000012,1.402781367301941,0.2638445794582367,-0.16769756376743317
27.50000000000012,1.4025555849075317,0.265578031539917,-0.16934095323085785
27.600000000000122,1.4023202657699585,0.2673236131668091,-0.17099390923976898
27.700000000000124,1.4016895294189453,0.2692113220691681,-0.17275896668434143
27.800000000000125,1.4015812873840332,0.2709421217441559,-0.17439380288124084
27.900000000000126,1.4016560316085815,0.27260616421699524,-0.17598824203014374
28.000000000000128,1.4015026092529297,0.27434390783309937,-0.1776503026485443
28.10000000000013,1.401436686515808,0.27607086300849915,-0.17929407954216003
28.20000000000013,1.4016759395599365,0.2776969373226166,-0.18086278438568115
28.300000000000132,1.4020329713821411,0.2792750597000122,-0.18240489065647125
28.400000000000134,1.4022482633590698,0.280896931886673,-0.18398816883563995
28.500000000000135,1.4024791717529297,0.2825283408164978,-0.18557332456111908
28.600000000000136,1.4029730558395386,0.28407153487205505,-0.18709078431129456
28.700000000000138,1.4036329984664917,0.2855267822742462,-0.1885645091533661
28.80000000000014,1.404441475868225,0.2869641184806824,-0.1899978667497635
28.90000000000014,1.4051343202590942,0.2884202003479004,-0.19146768748760223
29.000000000000142,1.4060560464859009,0.28977882862091064,-0.19287484884262085
29.100000000000144,1.407263159751892,0.2910420894622803,-0.1942014992237091
29.200000000000145,1.4087406396865845,0.2921844720840454,-0.19545015692710876
29.300000000000146,1.4104498624801636,0.29313644766807556,-0.19662883877754211
29.400000000000148,1.4107089042663574,0.29476556181907654,-0.19823279976844788
29.50000000000015,1.4108490943908691,0.29651620984077454,-0.19988104701042175
29.60000000000015,1.4109019041061401,0.2982661724090576,-0.20156100392341614
29.700000000000152,1.411295771598816,0.29979655146598816,-0.2031387984752655
29.800000000000153,1.4118283987045288,0.301340252161026,-0.20467987656593323
29.900000000000155,1.4121237993240356,0.3029647171497345,-0.20629797875881195
30.000000000000156,1.412593126296997,0.3045518696308136,-0.20786696672439575
30.100000000000158,1.4133399724960327,0.3060186207294464,-0.20935015380382538
30.20000000000016,1.41420316696167,0.3074195086956024,-0.21079812943935394
30.30000000000016,1.4150174856185913,0.3088316023349762,-0.21226337552070618
30.400000000000162,1.415804147720337,0.3102608919143677,-0.2137393057346344
30.500000000000163,1.4168379306793213,0.31158846616744995,-0.21513691544532776
30.600000000000165,1.4181019067764282,0.3127916157245636,-0.2164590209722519
30.700000000000166,1.4196135997772217,0.3138806223869324,-0.217699334025383
30.800000000000168,1.4212899208068848,0.31486454606056213,-0.21888397634029388
30.90000000000017,1.4231276512145996,0.31576040387153625,-0.2200140655040741
31.00000000000017,1.4251160621643066,0.3165644705295563,-0.22109238803386688
31.100000000000172,1.4258041381835938,0.3180113136768341,-0.22260215878486633
31.200000000000173,1.4237982034683228,0.32093679904937744,-0.2250354290008545
31.300000000000175,1.4212932586669922,0.324145644903183,-0.2276809811592102
31.400000000000176,1.417827844619751,0.328117311000824,-0.230741485953331
31.500000000000178,1.4152426719665527,0.331815242767334,-0.23356172442436218
31.60000000000018,1.4158059358596802,0.3335014879703522,-0.2351927012205124
31.70000000000018,1.4170050621032715,0.33494967222213745,-0.23657596111297607
31.800000000000182,1.4185552597045898,0.33596935868263245,-0.23781199753284454
31.900000000000183,1.4203468561172485,0.33683690428733826,-0.23894748091697693
32.000000000000185,1.4222716093063354,0.3375965356826782,-0.24002471566200256
32.100000000000186,1.4243122339248657,0.3382553160190582,-0.2410508394241333
32.20000000000019,1.4264447689056396,0.33882391452789307,-0.24203534424304962
32.30000000000019,1.428612232208252,0.33942344784736633,-0.24300408363342285
